model,mae,rmse,r2
Random Forest Regressor,10.275869359771473,12.938783903322618,0.16184792621619326
Gradient Boosting Regressor,10.35048754228293,13.224541318549962,0.12441736374265344
Lasso Regression,10.374375582259308,13.059392225387482,0.14614950196093413
Ridge Regression,10.397597845319481,13.063998681705149,0.14554703614339604
Linear Regression,10.470670251385512,13.105719970606508,0.1400807460590675
