season,week,game_id,gameday,weekday,home_team,away_team,predicted_winner,winner_win_probability,confidence_level,upset_alert,home_win_probability,away_win_probability,predicted_home_margin,predicted_margin_text,status,home_elo_before,away_elo_before,elo_diff,home_elo_with_hfa_diff,elo_home_win_prob,home_strength_of_schedule_before,away_strength_of_schedule_before,strength_of_schedule_diff,current_opponent_win_pct_diff,upset_alert_label,kickoff_at_save_utc,saved_at_utc,archive_source,timestamp_basis,model_git_revision,model_working_tree_changed
2026,3,2026_03_ATL_GB,2026-09-24,Thursday,GB,ATL,GB,0.6728041174438275,High Confidence,False,0.6728041174438275,0.3271958825561725,4.7,GB by 4.7,Pending,1551.0923239458145,1427.7870818183876,123.30524212742694,178.30524212742694,0.7362188186021699,0.5,0.0,0.5,-0.5,No Upset Alert,2026-09-25 00:15:00+00:00,2026-09-22T13:51:52.846611+00:00,forecast_run,utc_clock_at_save,3315fe07c5cdec653f1fd259dc877aeb63fad180,False
2026,3,2026_03_LAC_BUF,2026-09-27,Sunday,BUF,LAC,BUF,0.823971555297932,High Confidence,False,0.823971555297932,0.17602844470206802,15.1,BUF by 15.1,Pending,1673.3676792048777,1503.2447353485811,170.12294385629662,225.12294385629662,0.7851461478538957,0.5,0.5,0.0,-1.0,No Upset Alert,2026-09-27 17:00:00+00:00,2026-09-22T13:51:52.846611+00:00,forecast_run,utc_clock_at_save,3315fe07c5cdec653f1fd259dc877aeb63fad180,False
2026,3,2026_03_CAR_CLE,2026-09-27,Sunday,CLE,CAR,CAR,0.5548852317925805,Low Confidence,False,0.44511476820741946,0.5548852317925805,-2.2,CAR by 2.2,Pending,1421.0921871314483,1381.7290127079016,39.36317442354675,94.36317442354675,0.6325560624642502,0.0,0.0,0.0,0.0,No Upset Alert,2026-09-27 17:00:00+00:00,2026-09-22T13:51:52.846611+00:00,forecast_run,utc_clock_at_save,3315fe07c5cdec653f1fd259dc877aeb63fad180,False
2026,3,2026_03_NYJ_DET,2026-09-27,Sunday,DET,NYJ,DET,0.7710554705271273,High Confidence,False,0.7710554705271273,0.2289445294728727,8.3,DET by 8.3,Pending,1590.467532592066,1340.6870173755112,249.7805152165547,304.7805152165547,0.8525141637233398,0.5,0.0,0.5,0.0,No Upset Alert,2026-09-27 17:00:00+00:00,2026-09-22T13:51:52.846611+00:00,forecast_run,utc_clock_at_save,3315fe07c5cdec653f1fd259dc877aeb63fad180,False
2026,3,2026_03_HOU_IND,2026-09-27,Sunday,IND,HOU,IND,0.5240123846486066,Toss-Up,False,0.5240123846486066,0.47598761535139344,-1.6,HOU by 1.6,Pending,1442.853248083734,1540.5472163362183,-97.69396825248441,-42.69396825248441,0.4388658452812788,0.5,0.5,0.0,0.0,No Upset Alert,2026-09-27 17:00:00+00:00,2026-09-22T13:51:52.846611+00:00,forecast_run,utc_clock_at_save,3315fe07c5cdec653f1fd259dc877aeb63fad180,False
2026,3,2026_03_NE_JAX,2026-09-27,Sunday,JAX,NE,JAX,0.6185883885839493,Medium Confidence,False,0.6185883885839493,0.38141161141605073,3.5,JAX by 3.5,Pending,1489.270432178238,1540.7872171826596,-51.516785004421536,3.4832149955784644,0.5050125813897189,0.0,0.5,-0.5,0.0,No Upset Alert,2026-09-27 17:00:00+00:00,2026-09-22T13:51:52.846611+00:00,forecast_run,utc_clock_at_save,3315fe07c5cdec653f1fd259dc877aeb63fad180,False
2026,3,2026_03_KC_MIA,2026-09-27,Sunday,MIA,KC,KC,0.7827369495555622,High Confidence,False,0.21726305044443783,0.7827369495555622,-8.2,KC by 8.2,Pending,1463.0967123147125,1621.858427214791,-158.76171490007846,-103.76171490007846,0.35496155201276464,0.5,0.0,0.5,1.0,No Upset Alert,2026-09-27 17:00:00+00:00,2026-09-22T13:51:52.846611+00:00,forecast_run,utc_clock_at_save,3315fe07c5cdec653f1fd259dc877aeb63fad180,False
2026,3,2026_03_TEN_NYG,2026-09-27,Sunday,NYG,TEN,NYG,0.7406223040498074,High Confidence,False,0.7406223040498074,0.25937769595019255,5.8,NYG by 5.8,Pending,1362.747096756517,1315.3845320935968,47.36256466292025,102.36256466292025,0.6431921906392251,0.0,0.5,-0.5,-0.5,No Upset Alert,2026-09-27 17:00:00+00:00,2026-09-22T13:51:52.846611+00:00,forecast_run,utc_clock_at_save,3315fe07c5cdec653f1fd259dc877aeb63fad180,False
2026,3,2026_03_CIN_PIT,2026-09-27,Sunday,PIT,CIN,CIN,0.5262225125744799,Toss-Up,False,0.4737774874255201,0.5262225125744799,-1.7,CIN by 1.7,Pending,1550.3656699865808,1523.420327114108,26.945342872472793,81.94534287247279,0.6157896673819443,0.0,0.0,0.0,0.5,No Upset Alert,2026-09-27 17:00:00+00:00,2026-09-22T13:51:52.846611+00:00,forecast_run,utc_clock_at_save,3315fe07c5cdec653f1fd259dc877aeb63fad180,False
2026,3,2026_03_SEA_WAS,2026-09-27,Sunday,WAS,SEA,SEA,0.7356295232136155,High Confidence,False,0.2643704767863845,0.7356295232136155,-7.9,SEA by 7.9,Pending,1445.229374079767,1654.2582711621333,-209.02889708236626,-154.02889708236626,0.2917992349325378,0.0,0.5,-0.5,1.0,No Upset Alert,2026-09-27 17:00:00+00:00,2026-09-22T13:51:52.846611+00:00,forecast_run,utc_clock_at_save,3315fe07c5cdec653f1fd259dc877aeb63fad180,False
2026,3,2026_03_ARI_SF,2026-09-27,Sunday,SF,ARI,SF,0.8549105412017335,High Confidence,False,0.8549105412017335,0.1450894587982665,9.5,SF by 9.5,Pending,1602.3571688696743,1368.036399911798,234.32076895787623,289.3207689578762,0.8409701471655543,0.0,0.5,-0.5,-0.5,No Upset Alert,2026-09-27 20:05:00+00:00,2026-09-22T13:51:52.846611+00:00,forecast_run,utc_clock_at_save,3315fe07c5cdec653f1fd259dc877aeb63fad180,False
2026,3,2026_03_MIN_TB,2026-09-27,Sunday,TB,MIN,MIN,0.5264215054779158,Toss-Up,False,0.47357849452208417,0.5264215054779158,-3.3,MIN by 3.3,Pending,1475.839355882932,1590.253626996748,-114.41427111381586,-59.41427111381586,0.41531984073832345,0.0,0.5,-0.5,1.0,No Upset Alert,2026-09-27 20:05:00+00:00,2026-09-22T13:51:52.846611+00:00,forecast_run,utc_clock_at_save,3315fe07c5cdec653f1fd259dc877aeb63fad180,False
2026,3,2026_03_BAL_DAL,2026-09-27,Sunday,DAL,BAL,BAL,0.5109993129030852,Toss-Up,False,0.4890006870969148,0.5109993129030852,-1.9,BAL by 1.9,Pending,1494.284438161897,1578.5752026288437,-84.29076446694671,-29.29076446694671,0.4579467844562776,0.0,0.0,0.0,0.0,No Upset Alert,2026-09-27 20:25:00+00:00,2026-09-22T13:51:52.846611+00:00,forecast_run,utc_clock_at_save,3315fe07c5cdec653f1fd259dc877aeb63fad180,False
2026,3,2026_03_LV_NO,2026-09-27,Sunday,NO,LV,NO,0.5382683523408377,Low Confidence,True,0.5382683523408377,0.4617316476591623,1.4,NO by 1.4,Pending,1429.4894497168302,1381.0828336677355,48.40661604909474,103.40661604909474,0.6445702813019034,0.5,0.0,0.5,0.5,Upset Alert,2026-09-27 20:25:00+00:00,2026-09-22T13:51:52.846611+00:00,forecast_run,utc_clock_at_save,3315fe07c5cdec653f1fd259dc877aeb63fad180,False
2026,3,2026_03_LA_DEN,2026-09-27,Sunday,DEN,LA,LA,0.5498136757377936,Low Confidence,False,0.4501863242622064,0.5498136757377936,-2.1,LA by 2.1,Pending,1579.9047440643685,1594.2197775001052,-14.315033435736723,40.68496656426328,0.558284207627106,0.5,0.5,0.0,0.0,No Upset Alert,2026-09-28 00:20:00+00:00,2026-09-22T13:51:52.846611+00:00,forecast_run,utc_clock_at_save,3315fe07c5cdec653f1fd259dc877aeb63fad180,False
2026,3,2026_03_PHI_CHI,2026-09-28,Monday,CHI,PHI,PHI,0.5817608500263914,Medium Confidence,False,0.41823914997360856,0.5817608500263914,1.0,CHI by 1.0,Pending,1479.6429395457528,1645.642309634832,-165.9993700890791,-110.9993700890791,0.34548082555534587,0.5,0.0,0.5,0.5,No Upset Alert,2026-09-29 00:15:00+00:00,2026-09-22T13:51:52.846611+00:00,forecast_run,utc_clock_at_save,3315fe07c5cdec653f1fd259dc877aeb63fad180,False
2026,4,2026_04_PIT_CLE,2026-10-01,Thursday,CLE,PIT,PIT,0.5806880664701575,Medium Confidence,False,0.4193119335298425,0.5806880664701575,-2.9,PIT by 2.9,Pending,1421.0921871314483,1550.3656699865808,-129.27348285513244,-74.27348285513244,0.3947109145427593,0.0,0.0,0.0,0.0,No Upset Alert,2026-10-02 00:15:00+00:00,2026-09-22T13:51:52.846611+00:00,forecast_run,utc_clock_at_save,3315fe07c5cdec653f1fd259dc877aeb63fad180,False
2026,4,2026_04_IND_WAS,2026-10-04,Sunday,WAS,IND,IND,0.5016781336530995,Toss-Up,False,0.4983218663469005,0.5016781336530995,1.0,WAS by 1.0,Pending,1445.229374079767,1442.853248083734,2.3761259960331245,57.376125996033124,0.5818283627095164,0.0,0.5,-0.5,0.0,No Upset Alert,2026-10-04 13:30:00+00:00,2026-09-22T13:51:52.846611+00:00,forecast_run,utc_clock_at_save,3315fe07c5cdec653f1fd259dc877aeb63fad180,False
2026,4,2026_04_TEN_BAL,2026-10-04,Sunday,BAL,TEN,BAL,0.8732457868460467,High Confidence,False,0.8732457868460467,0.1267542131539533,13.6,BAL by 13.6,Pending,1578.5752026288437,1315.3845320935968,263.1906705352469,318.1906705352469,0.8619584971078849,0.0,0.5,-0.5,-0.5,No Upset Alert,2026-10-04 17:00:00+00:00,2026-09-22T13:51:52.846611+00:00,forecast_run,utc_clock_at_save,3315fe07c5cdec653f1fd259dc877aeb63fad180,False
2026,4,2026_04_NE_BUF,2026-10-04,Sunday,BUF,NE,BUF,0.7062601657636585,High Confidence,False,0.7062601657636585,0.29373983423634153,1.7,BUF by 1.7,Pending,1673.3676792048777,1540.7872171826596,132.58046202221817,187.58046202221817,0.7464561217787059,0.5,0.5,0.0,-0.5,No Upset Alert,2026-10-04 17:00:00+00:00,2026-09-22T13:51:52.846611+00:00,forecast_run,utc_clock_at_save,3315fe07c5cdec653f1fd259dc877aeb63fad180,False
2026,4,2026_04_NYJ_CHI,2026-10-04,Sunday,CHI,NYJ,CHI,0.722718271862165,High Confidence,False,0.722718271862165,0.277281728137835,7.3,CHI by 7.3,Pending,1479.6429395457528,1340.6870173755112,138.9559221702416,193.9559221702416,0.7533389324206926,0.5,0.0,0.5,0.0,No Upset Alert,2026-10-04 17:00:00+00:00,2026-09-22T13:51:52.846611+00:00,forecast_run,utc_clock_at_save,3315fe07c5cdec653f1fd259dc877aeb63fad180,False
2026,4,2026_04_JAX_CIN,2026-10-04,Sunday,CIN,JAX,JAX,0.5021897790299273,Toss-Up,False,0.49781022097007266,0.5021897790299273,-1.3,JAX by 1.3,Pending,1523.420327114108,1489.270432178238,34.14989493586995,89.14989493586995,0.6255535294174045,0.0,0.0,0.0,-0.5,No Upset Alert,2026-10-04 17:00:00+00:00,2026-09-22T13:51:52.846611+00:00,forecast_run,utc_clock_at_save,3315fe07c5cdec653f1fd259dc877aeb63fad180,False
2026,4,2026_04_DAL_HOU,2026-10-04,Sunday,HOU,DAL,DAL,0.5408322618322068,Low Confidence,False,0.45916773816779316,0.5408322618322068,1.5,HOU by 1.5,Pending,1540.5472163362183,1494.284438161897,46.262778174321284,101.26277817432128,0.6417379655942471,0.5,0.0,0.5,0.5,No Upset Alert,2026-10-04 17:00:00+00:00,2026-09-22T13:51:52.846611+00:00,forecast_run,utc_clock_at_save,3315fe07c5cdec653f1fd259dc877aeb63fad180,False
2026,4,2026_04_ARI_NYG,2026-10-04,Sunday,NYG,ARI,NYG,0.6481844152605992,Medium Confidence,False,0.6481844152605992,0.3518155847394008,3.7,NYG by 3.7,Pending,1362.747096756517,1368.036399911798,-5.289303155281004,49.710696844718996,0.5710552332215171,0.0,0.5,-0.5,0.0,No Upset Alert,2026-10-04 17:00:00+00:00,2026-09-22T13:51:52.846611+00:00,forecast_run,utc_clock_at_save,3315fe07c5cdec653f1fd259dc877aeb63fad180,False
2026,4,2026_04_LA_PHI,2026-10-04,Sunday,PHI,LA,PHI,0.6028967552350896,Medium Confidence,False,0.6028967552350896,0.39710324476491043,2.5,PHI by 2.5,Pending,1645.642309634832,1594.2197775001052,51.42253213472668,106.42253213472668,0.6485376213124742,0.0,0.5,-0.5,-0.5,No Upset Alert,2026-10-04 17:00:00+00:00,2026-09-22T13:51:52.846611+00:00,forecast_run,utc_clock_at_save,3315fe07c5cdec653f1fd259dc877aeb63fad180,False
2026,4,2026_04_GB_TB,2026-10-04,Sunday,TB,GB,TB,0.5356373423598207,Low Confidence,False,0.5356373423598207,0.46436265764017925,1.0,TB by 1.0,Pending,1475.839355882932,1551.0923239458145,-75.25296806288247,-20.252968062882474,0.4708866047442846,0.0,0.5,-0.5,0.5,No Upset Alert,2026-10-04 17:00:00+00:00,2026-09-22T13:51:52.846611+00:00,forecast_run,utc_clock_at_save,3315fe07c5cdec653f1fd259dc877aeb63fad180,False
2026,4,2026_04_MIA_MIN,2026-10-04,Sunday,MIN,MIA,MIN,0.7573489629887814,High Confidence,False,0.7573489629887814,0.2426510370112186,8.7,MIN by 8.7,Pending,1590.253626996748,1463.0967123147125,127.15691468203545,182.15691468203545,0.7405020291498654,0.5,0.5,0.0,-1.0,No Upset Alert,2026-10-04 20:05:00+00:00,2026-09-22T13:51:52.846611+00:00,forecast_run,utc_clock_at_save,3315fe07c5cdec653f1fd259dc877aeb63fad180,False
2026,4,2026_04_KC_LV,2026-10-04,Sunday,LV,KC,KC,0.7157316135811251,High Confidence,False,0.28426838641887486,0.7157316135811251,-4.9,KC by 4.9,Pending,1381.0828336677355,1621.858427214791,-240.77559354705545,-185.77559354705545,0.2555152486224356,0.0,0.0,0.0,0.0,No Upset Alert,2026-10-04 20:25:00+00:00,2026-09-22T13:51:52.846611+00:00,forecast_run,utc_clock_at_save,3315fe07c5cdec653f1fd259dc877aeb63fad180,False
2026,4,2026_04_LAC_SEA,2026-10-04,Sunday,SEA,LAC,SEA,0.8170692135695633,High Confidence,False,0.8170692135695633,0.1829307864304367,11.8,SEA by 11.8,Pending,1654.2582711621333,1503.2447353485811,151.01353581355215,206.01353581355215,0.7660086371047382,0.5,0.5,0.0,-1.0,No Upset Alert,2026-10-04 20:25:00+00:00,2026-09-22T13:51:52.846611+00:00,forecast_run,utc_clock_at_save,3315fe07c5cdec653f1fd259dc877aeb63fad180,False
2026,4,2026_04_DEN_SF,2026-10-04,Sunday,SF,DEN,SF,0.7266361136897932,High Confidence,False,0.7266361136897932,0.2733638863102068,7.7,SF by 7.7,Pending,1602.3571688696743,1579.9047440643685,22.45242480530578,77.45242480530578,0.6096525576516622,0.0,0.5,-0.5,-0.5,No Upset Alert,2026-10-04 20:25:00+00:00,2026-09-22T13:51:52.846611+00:00,forecast_run,utc_clock_at_save,3315fe07c5cdec653f1fd259dc877aeb63fad180,False
2026,4,2026_04_DET_CAR,2026-10-04,Sunday,CAR,DET,DET,0.5723834550179232,Medium Confidence,False,0.4276165449820768,0.5723834550179232,-2.4,DET by 2.4,Pending,1381.7290127079016,1590.467532592066,-208.73851988416436,-153.73851988416436,0.2921447840716976,0.0,0.5,-0.5,0.0,No Upset Alert,2026-10-05 00:20:00+00:00,2026-09-22T13:51:52.846611+00:00,forecast_run,utc_clock_at_save,3315fe07c5cdec653f1fd259dc877aeb63fad180,False
2026,4,2026_04_ATL_NO,2026-10-05,Monday,NO,ATL,NO,0.5832303624991906,Medium Confidence,False,0.5832303624991906,0.4167696375008094,4.1,NO by 4.1,Pending,1429.4894497168302,1427.7870818183876,1.702367898442617,56.70236789844262,0.580884418198877,0.5,0.0,0.5,-0.5,No Upset Alert,2026-10-06 00:15:00+00:00,2026-09-22T13:51:52.846611+00:00,forecast_run,utc_clock_at_save,3315fe07c5cdec653f1fd259dc877aeb63fad180,False
2026,5,2026_05_TB_DAL,2026-10-08,Thursday,DAL,TB,DAL,0.6408598745599924,Medium Confidence,False,0.6408598745599924,0.3591401254400076,4.5,DAL by 4.5,Pending,1494.284438161897,1475.839355882932,18.445082278964946,73.44508227896495,0.6041492153794769,0.0,0.0,0.0,-0.5,No Upset Alert,2026-10-09 00:15:00+00:00,2026-09-22T13:51:52.846611+00:00,forecast_run,utc_clock_at_save,3315fe07c5cdec653f1fd259dc877aeb63fad180,False
2026,5,2026_05_PHI_JAX,2026-10-11,Sunday,JAX,PHI,JAX,0.5167226079539411,Toss-Up,False,0.5167226079539411,0.4832773920460589,1.2,JAX by 1.2,Pending,1489.270432178238,1645.642309634832,-156.3718774565939,-101.3718774565939,0.3581176575962186,0.0,0.0,0.0,0.5,No Upset Alert,2026-10-11 13:30:00+00:00,2026-09-22T13:51:52.846611+00:00,forecast_run,utc_clock_at_save,3315fe07c5cdec653f1fd259dc877aeb63fad180,False
2026,5,2026_05_CIN_MIA,2026-10-11,Sunday,MIA,CIN,CIN,0.7039866110395127,High Confidence,False,0.29601338896048734,0.7039866110395127,-6.1,CIN by 6.1,Pending,1463.0967123147125,1523.420327114108,-60.3236147993955,-5.3236147993955,0.49233930197304143,0.5,0.0,0.5,1.0,No Upset Alert,2026-10-11 17:00:00+00:00,2026-09-22T13:51:52.846611+00:00,forecast_run,utc_clock_at_save,3315fe07c5cdec653f1fd259dc877aeb63fad180,False
2026,5,2026_05_LV_NE,2026-10-11,Sunday,NE,LV,NE,0.6893616501650363,High Confidence,False,0.6893616501650363,0.31063834983496375,3.7,NE by 3.7,Pending,1540.7872171826596,1381.0828336677355,159.70438351492407,214.70438351492407,0.7748561350378048,0.5,0.0,0.5,0.5,No Upset Alert,2026-10-11 17:00:00+00:00,2026-09-22T13:51:52.846611+00:00,forecast_run,utc_clock_at_save,3315fe07c5cdec653f1fd259dc877aeb63fad180,False
2026,5,2026_05_MIN_NO,2026-10-11,Sunday,NO,MIN,MIN,0.6100435134773066,Medium Confidence,False,0.3899564865226934,0.6100435134773066,-3.5,MIN by 3.5,Pending,1429.4894497168302,1590.253626996748,-160.7641772799177,-105.7641772799177,0.35232669713633386,0.5,0.5,0.0,0.5,No Upset Alert,2026-10-11 17:00:00+00:00,2026-09-22T13:51:52.846611+00:00,forecast_run,utc_clock_at_save,3315fe07c5cdec653f1fd259dc877aeb63fad180,False
2026,5,2026_05_CLE_NYJ,2026-10-11,Sunday,NYJ,CLE,NYJ,0.5090048572723705,Toss-Up,True,0.5090048572723705,0.49099514272762945,0.5,NYJ by 0.5,Pending,1340.6870173755112,1421.0921871314483,-80.4051697559371,-25.405169755937095,0.4635040443725672,0.0,0.0,0.0,0.0,Upset Alert,2026-10-11 17:00:00+00:00,2026-09-22T13:51:52.846611+00:00,forecast_run,utc_clock_at_save,3315fe07c5cdec653f1fd259dc877aeb63fad180,False
2026,5,2026_05_IND_PIT,2026-10-11,Sunday,PIT,IND,PIT,0.5885198423532462,Medium Confidence,False,0.5885198423532462,0.41148015764675383,5.5,PIT by 5.5,Pending,1550.3656699865808,1442.853248083734,107.51242190284688,162.51242190284688,0.7181891149842349,0.0,0.5,-0.5,-0.5,No Upset Alert,2026-10-11 17:00:00+00:00,2026-09-22T13:51:52.846611+00:00,forecast_run,utc_clock_at_save,3315fe07c5cdec653f1fd259dc877aeb63fad180,False
2026,5,2026_05_HOU_TEN,2026-10-11,Sunday,TEN,HOU,HOU,0.7284323781387017,High Confidence,False,0.27156762186129835,0.7284323781387017,-7.8,HOU by 7.8,Pending,1315.3845320935968,1540.5472163362183,-225.16268424262148,-170.16268424262148,0.2729840297364817,0.5,0.5,0.0,0.0,No Upset Alert,2026-10-11 17:00:00+00:00,2026-09-22T13:51:52.846611+00:00,forecast_run,utc_clock_at_save,3315fe07c5cdec653f1fd259dc877aeb63fad180,False
2026,5,2026_05_NYG_WAS,2026-10-11,Sunday,WAS,NYG,WAS,0.5552425965824619,Low Confidence,True,0.5552425965824619,0.4447574034175381,0.3,WAS by 0.3,Pending,1445.229374079767,1362.747096756517,82.48227732324995,137.48227732324995,0.6881343493245723,0.0,0.0,0.0,0.5,Upset Alert,2026-10-11 17:00:00+00:00,2026-09-22T13:51:52.846611+00:00,forecast_run,utc_clock_at_save,3315fe07c5cdec653f1fd259dc877aeb63fad180,False
2026,5,2026_05_DEN_LAC,2026-10-11,Sunday,LAC,DEN,DEN,0.5693058089555232,Low Confidence,False,0.43069419104447676,0.5693058089555232,-2.6,DEN by 2.6,Pending,1503.2447353485811,1579.9047440643685,-76.6600087157874,-21.6600087157874,0.46886906237141046,0.5,0.5,0.0,0.5,No Upset Alert,2026-10-11 20:05:00+00:00,2026-09-22T13:51:52.846611+00:00,forecast_run,utc_clock_at_save,3315fe07c5cdec653f1fd259dc877aeb63fad180,False
2026,5,2026_05_DET_ARI,2026-10-11,Sunday,ARI,DET,DET,0.7320995878298597,High Confidence,False,0.26790041217014027,0.7320995878298597,-4.8,DET by 4.8,Pending,1368.036399911798,1590.467532592066,-222.43113268026786,-167.43113268026786,0.2761158032716501,0.5,0.5,0.0,0.0,No Upset Alert,2026-10-11 20:25:00+00:00,2026-09-22T13:51:52.846611+00:00,forecast_run,utc_clock_at_save,3315fe07c5cdec653f1fd259dc877aeb63fad180,False
2026,5,2026_05_CHI_GB,2026-10-11,Sunday,GB,CHI,GB,0.5082642642195832,Toss-Up,True,0.5082642642195832,0.49173573578041685,-1.5,CHI by 1.5,Pending,1551.0923239458145,1479.6429395457528,71.44938440006172,126.44938440006172,0.6743445296608621,0.5,0.5,0.0,0.0,Upset Alert,2026-10-11 20:25:00+00:00,2026-09-22T13:51:52.846611+00:00,forecast_run,utc_clock_at_save,3315fe07c5cdec653f1fd259dc877aeb63fad180,False
2026,5,2026_05_SF_SEA,2026-10-11,Sunday,SEA,SF,SEA,0.5623271928707312,Low Confidence,False,0.5623271928707312,0.4376728071292688,3.2,SEA by 3.2,Pending,1654.2582711621333,1602.3571688696743,51.90110229245897,106.90110229245897,0.6491652999919091,0.5,0.0,0.5,0.0,No Upset Alert,2026-10-11 20:25:00+00:00,2026-09-22T13:51:52.846611+00:00,forecast_run,utc_clock_at_save,3315fe07c5cdec653f1fd259dc877aeb63fad180,False
2026,5,2026_05_BAL_ATL,2026-10-11,Sunday,ATL,BAL,BAL,0.7142361356203925,High Confidence,False,0.28576386437960755,0.7142361356203925,-6.8,BAL by 6.8,Pending,1427.7870818183876,1578.5752026288437,-150.78812081045612,-95.78812081045612,0.3655394859287696,0.0,0.0,0.0,0.5,No Upset Alert,2026-10-12 00:20:00+00:00,2026-09-22T13:51:52.846611+00:00,forecast_run,utc_clock_at_save,3315fe07c5cdec653f1fd259dc877aeb63fad180,False
2026,5,2026_05_BUF_LA,2026-10-12,Monday,LA,BUF,BUF,0.5768537801649178,Medium Confidence,False,0.42314621983508216,0.5768537801649178,-0.4,BUF by 0.4,Pending,1594.2197775001052,1673.3676792048777,-79.1479017047725,-24.147901704772494,0.465304226266979,0.5,0.5,0.0,0.5,No Upset Alert,2026-10-13 00:15:00+00:00,2026-09-22T13:51:52.846611+00:00,forecast_run,utc_clock_at_save,3315fe07c5cdec653f1fd259dc877aeb63fad180,False
2026,6,2026_06_SEA_DEN,2026-10-15,Thursday,DEN,SEA,SEA,0.6574824519600494,High Confidence,False,0.3425175480399506,0.6574824519600494,-6.6,SEA by 6.6,Pending,1579.9047440643685,1654.2582711621333,-74.35352709776475,-19.353527097764754,0.47217680746335616,0.5,0.5,0.0,0.5,No Upset Alert,2026-10-16 00:15:00+00:00,2026-09-22T13:51:52.846611+00:00,forecast_run,utc_clock_at_save,3315fe07c5cdec653f1fd259dc877aeb63fad180,False
2026,6,2026_06_HOU_JAX,2026-10-18,Sunday,JAX,HOU,JAX,0.6825218001838284,High Confidence,False,0.6825218001838284,0.31747819981617165,4.1,JAX by 4.1,Pending,1489.270432178238,1540.5472163362183,-51.27678415798027,3.7232158420197266,0.5053579332123109,0.0,0.5,-0.5,-0.5,No Upset Alert,2026-10-18 13:30:00+00:00,2026-09-22T13:51:52.846611+00:00,forecast_run,utc_clock_at_save,3315fe07c5cdec653f1fd259dc877aeb63fad180,False
2026,6,2026_06_CHI_ATL,2026-10-18,Sunday,ATL,CHI,CHI,0.6225764831689355,Medium Confidence,False,0.3774235168310645,0.6225764831689355,-3.4,CHI by 3.4,Pending,1427.7870818183876,1479.6429395457528,-51.85585772736522,3.144142272634781,0.5045246609399414,0.0,0.5,-0.5,0.5,No Upset Alert,2026-10-18 17:00:00+00:00,2026-09-22T13:51:52.846611+00:00,forecast_run,utc_clock_at_save,3315fe07c5cdec653f1fd259dc877aeb63fad180,False
2026,6,2026_06_BAL_CLE,2026-10-18,Sunday,CLE,BAL,BAL,0.6988120396874926,High Confidence,False,0.30118796031250744,0.6988120396874926,-6.6,BAL by 6.6,Pending,1421.0921871314483,1578.5752026288437,-157.4830154973954,-102.4830154973954,0.3566486993555389,0.0,0.0,0.0,0.0,No Upset Alert,2026-10-18 17:00:00+00:00,2026-09-22T13:51:52.846611+00:00,forecast_run,utc_clock_at_save,3315fe07c5cdec653f1fd259dc877aeb63fad180,False
2026,6,2026_06_TEN_IND,2026-10-18,Sunday,IND,TEN,IND,0.7814181712084615,High Confidence,False,0.7814181712084615,0.21858182879153853,12.1,IND by 12.1,Pending,1442.853248083734,1315.3845320935968,127.46871599013707,182.46871599013707,0.7408467807583949,0.5,0.5,0.0,0.0,No Upset Alert,2026-10-18 17:00:00+00:00,2026-09-22T13:51:52.846611+00:00,forecast_run,utc_clock_at_save,3315fe07c5cdec653f1fd259dc877aeb63fad180,False
2026,6,2026_06_NYJ_NE,2026-10-18,Sunday,NE,NYJ,NE,0.7412015813363144,High Confidence,False,0.7412015813363144,0.2587984186636856,4.7,NE by 4.7,Pending,1540.7872171826596,1340.6870173755112,200.10019980714833,255.10019980714833,0.812825451420415,0.5,0.0,0.5,0.0,No Upset Alert,2026-10-18 17:00:00+00:00,2026-09-22T13:51:52.846611+00:00,forecast_run,utc_clock_at_save,3315fe07c5cdec653f1fd259dc877aeb63fad180,False
2026,6,2026_06_NO_NYG,2026-10-18,Sunday,NYG,NO,NYG,0.5593761476655985,Low Confidence,False,0.5593761476655985,0.4406238523344015,-0.0,NYG by 0.0,Pending,1362.747096756517,1429.4894497168302,-66.74235296031316,-11.742352960313156,0.4831078269106231,0.0,0.5,-0.5,0.0,No Upset Alert,2026-10-18 17:00:00+00:00,2026-09-22T13:51:52.846611+00:00,forecast_run,utc_clock_at_save,3315fe07c5cdec653f1fd259dc877aeb63fad180,False
2026,6,2026_06_CAR_PHI,2026-10-18,Sunday,PHI,CAR,PHI,0.7074214510148475,High Confidence,False,0.7074214510148475,0.29257854898515245,5.5,PHI by 5.5,Pending,1645.642309634832,1381.7290127079016,263.91329692693034,318.91329692693034,0.862452707092061,0.0,0.0,0.0,-0.5,No Upset Alert,2026-10-18 17:00:00+00:00,2026-09-22T13:51:52.846611+00:00,forecast_run,utc_clock_at_save,3315fe07c5cdec653f1fd259dc877aeb63fad180,False
2026,6,2026_06_PIT_TB,2026-10-18,Sunday,TB,PIT,TB,0.5215758538192835,Toss-Up,True,0.5215758538192835,0.4784241461807165,0.8,TB by 0.8,Pending,1475.839355882932,1550.3656699865808,-74.5263141036487,-19.5263141036487,0.47192892383596835,0.0,0.0,0.0,0.5,Upset Alert,2026-10-18 17:00:00+00:00,2026-09-22T13:51:52.846611+00:00,forecast_run,utc_clock_at_save,3315fe07c5cdec653f1fd259dc877aeb63fad180,False
2026,6,2026_06_ARI_LA,2026-10-18,Sunday,LA,ARI,LA,0.7995366486447312,High Confidence,False,0.7995366486447312,0.20046335135526883,9.0,LA by 9.0,Pending,1594.2197775001052,1368.036399911798,226.18337758830717,281.18337758830717,0.8346049485712578,0.5,0.5,0.0,0.0,No Upset Alert,2026-10-18 20:05:00+00:00,2026-09-22T13:51:52.846611+00:00,forecast_run,utc_clock_at_save,3315fe07c5cdec653f1fd259dc877aeb63fad180,False
2026,6,2026_06_LAC_KC,2026-10-18,Sunday,KC,LAC,KC,0.7965500157374595,High Confidence,False,0.7965500157374595,0.20344998426254046,10.4,KC by 10.4,Pending,1621.858427214791,1503.2447353485811,118.61369186620982,173.61369186620982,0.7309407420418857,0.0,0.5,-0.5,-1.0,No Upset Alert,2026-10-18 20:25:00+00:00,2026-09-22T13:51:52.846611+00:00,forecast_run,utc_clock_at_save,3315fe07c5cdec653f1fd259dc877aeb63fad180,False
2026,6,2026_06_BUF_LV,2026-10-18,Sunday,LV,BUF,BUF,0.7504721228820826,High Confidence,False,0.24952787711791735,0.7504721228820826,-6.6,BUF by 6.6,Pending,1381.0828336677355,1673.3676792048777,-292.28484553714225,-237.28484553714225,0.20327960973084977,0.0,0.5,-0.5,0.0,No Upset Alert,2026-10-18 20:25:00+00:00,2026-09-22T13:51:52.846611+00:00,forecast_run,utc_clock_at_save,3315fe07c5cdec653f1fd259dc877aeb63fad180,False
2026,6,2026_06_DAL_GB,2026-10-18,Sunday,GB,DAL,DAL,0.5364161607029487,Low Confidence,False,0.4635838392970512,0.5364161607029487,1.7,GB by 1.7,Pending,1551.0923239458145,1494.284438161897,56.80788578391753,111.80788578391753,0.655570839578198,0.5,0.0,0.5,0.0,No Upset Alert,2026-10-19 00:20:00+00:00,2026-09-22T13:51:52.846611+00:00,forecast_run,utc_clock_at_save,3315fe07c5cdec653f1fd259dc877aeb63fad180,False
2026,6,2026_06_WAS_SF,2026-10-19,Monday,SF,WAS,SF,0.7926551706405122,High Confidence,False,0.7926551706405122,0.20734482935948784,9.5,SF by 9.5,Pending,1602.3571688696743,1445.229374079767,157.12779478990728,212.12779478990728,0.7722580815070561,0.0,0.0,0.0,-1.0,No Upset Alert,2026-10-20 00:15:00+00:00,2026-09-22T13:51:52.846611+00:00,forecast_run,utc_clock_at_save,3315fe07c5cdec653f1fd259dc877aeb63fad180,False
2026,7,2026_07_NE_CHI,2026-10-22,Thursday,CHI,NE,CHI,0.5215113803914664,Toss-Up,True,0.5215113803914664,0.4784886196085336,0.0,CHI by 0.0,Pending,1479.6429395457528,1540.7872171826596,-61.144277636906736,-6.144277636906736,0.4911585953794675,0.5,0.5,0.0,0.0,Upset Alert,2026-10-23 00:15:00+00:00,2026-09-22T13:51:52.846611+00:00,forecast_run,utc_clock_at_save,3315fe07c5cdec653f1fd259dc877aeb63fad180,False
2026,7,2026_07_PIT_NO,2026-10-25,Sunday,NO,PIT,PIT,0.5637800007553624,Low Confidence,False,0.43621999924463756,0.5637800007553624,-1.2,PIT by 1.2,Pending,1429.4894497168302,1550.3656699865808,-120.87622026975055,-65.87622026975055,0.40631648301330564,0.5,0.0,0.5,0.0,No Upset Alert,2026-10-25 13:30:00+00:00,2026-09-22T13:51:52.846611+00:00,forecast_run,utc_clock_at_save,3315fe07c5cdec653f1fd259dc877aeb63fad180,False
2026,7,2026_07_SF_ATL,2026-10-25,Sunday,ATL,SF,SF,0.7665565067726914,High Confidence,False,0.23344349322730856,0.7665565067726914,-13.0,SF by 13.0,Pending,1427.7870818183876,1602.3571688696743,-174.5700870512867,-119.57008705128669,0.3344111864090157,0.0,0.0,0.0,1.0,No Upset Alert,2026-10-25 17:00:00+00:00,2026-09-22T13:51:52.846611+00:00,forecast_run,utc_clock_at_save,3315fe07c5cdec653f1fd259dc877aeb63fad180,False
2026,7,2026_07_CIN_BAL,2026-10-25,Sunday,BAL,CIN,BAL,0.6012964685403446,Medium Confidence,False,0.6012964685403446,0.3987035314596554,3.2,BAL by 3.2,Pending,1578.5752026288437,1523.420327114108,55.15487551473575,110.15487551473575,0.6534190941715566,0.0,0.0,0.0,0.5,No Upset Alert,2026-10-25 17:00:00+00:00,2026-09-22T13:51:52.846611+00:00,forecast_run,utc_clock_at_save,3315fe07c5cdec653f1fd259dc877aeb63fad180,False
2026,7,2026_07_TB_CAR,2026-10-25,Sunday,CAR,TB,CAR,0.547963605530345,Low Confidence,True,0.547963605530345,0.45203639446965505,0.4,CAR by 0.4,Pending,1381.7290127079016,1475.839355882932,-94.1103431750305,-39.11034317503049,0.44395223205643625,0.0,0.0,0.0,-0.5,Upset Alert,2026-10-25 17:00:00+00:00,2026-09-22T13:51:52.846611+00:00,forecast_run,utc_clock_at_save,3315fe07c5cdec653f1fd259dc877aeb63fad180,False
2026,7,2026_07_NYG_HOU,2026-10-25,Sunday,HOU,NYG,HOU,0.6233292179549867,Medium Confidence,False,0.6233292179549867,0.37667078204501325,2.1,HOU by 2.1,Pending,1540.5472163362183,1362.747096756517,177.80011957970123,232.80011957970123,0.7925072430615345,0.5,0.0,0.5,0.5,No Upset Alert,2026-10-25 17:00:00+00:00,2026-09-22T13:51:52.846611+00:00,forecast_run,utc_clock_at_save,3315fe07c5cdec653f1fd259dc877aeb63fad180,False
2026,7,2026_07_IND_MIN,2026-10-25,Sunday,MIN,IND,MIN,0.6328400554207723,Medium Confidence,False,0.6328400554207723,0.36715994457922774,4.6,MIN by 4.6,Pending,1590.253626996748,1442.853248083734,147.40037891301404,202.40037891301404,0.7622600313452738,0.5,0.5,0.0,-1.0,No Upset Alert,2026-10-25 17:00:00+00:00,2026-09-22T13:51:52.846611+00:00,forecast_run,utc_clock_at_save,3315fe07c5cdec653f1fd259dc877aeb63fad180,False
2026,7,2026_07_MIA_NYJ,2026-10-25,Sunday,NYJ,MIA,NYJ,0.5694320084018608,Low Confidence,False,0.5694320084018608,0.4305679915981392,-3.2,MIA by 3.2,Pending,1340.6870173755112,1463.0967123147125,-122.40969493920124,-67.40969493920124,0.4041888833480108,0.0,0.5,-0.5,-0.5,No Upset Alert,2026-10-25 17:00:00+00:00,2026-09-22T13:51:52.846611+00:00,forecast_run,utc_clock_at_save,3315fe07c5cdec653f1fd259dc877aeb63fad180,False
2026,7,2026_07_CLE_TEN,2026-10-25,Sunday,TEN,CLE,CLE,0.6341083897532086,Medium Confidence,False,0.3658916102467914,0.6341083897532086,-1.9,CLE by 1.9,Pending,1315.3845320935968,1421.0921871314483,-105.70765503785151,-50.70765503785151,0.4275395805638352,0.5,0.0,0.5,0.5,No Upset Alert,2026-10-25 17:00:00+00:00,2026-09-22T13:51:52.846611+00:00,forecast_run,utc_clock_at_save,3315fe07c5cdec653f1fd259dc877aeb63fad180,False
2026,7,2026_07_DEN_ARI,2026-10-25,Sunday,ARI,DEN,DEN,0.6523569867071648,High Confidence,False,0.3476430132928352,0.6523569867071648,-3.2,DEN by 3.2,Pending,1368.036399911798,1579.9047440643685,-211.86834415257044,-156.86834415257044,0.288432995905977,0.5,0.5,0.0,0.0,No Upset Alert,2026-10-25 20:05:00+00:00,2026-09-22T13:51:52.846611+00:00,forecast_run,utc_clock_at_save,3315fe07c5cdec653f1fd259dc877aeb63fad180,False
2026,7,2026_07_GB_DET,2026-10-25,Sunday,DET,GB,DET,0.6527636067273737,High Confidence,False,0.6527636067273737,0.34723639327262634,4.0,DET by 4.0,Pending,1590.467532592066,1551.0923239458145,39.375208646251394,94.3752086462514,0.6325721637242218,0.5,0.5,0.0,0.0,No Upset Alert,2026-10-25 20:25:00+00:00,2026-09-22T13:51:52.846611+00:00,forecast_run,utc_clock_at_save,3315fe07c5cdec653f1fd259dc877aeb63fad180,False
2026,7,2026_07_LA_LV,2026-10-25,Sunday,LV,LA,LA,0.6483222693814308,Medium Confidence,False,0.3516777306185692,0.6483222693814308,-9.9,LA by 9.9,Pending,1381.0828336677355,1594.2197775001052,-213.13694383236975,-158.13694383236975,0.2869365237408561,0.0,0.5,-0.5,-0.5,No Upset Alert,2026-10-25 20:25:00+00:00,2026-09-22T13:51:52.846611+00:00,forecast_run,utc_clock_at_save,3315fe07c5cdec653f1fd259dc877aeb63fad180,False
2026,7,2026_07_KC_SEA,2026-10-25,Sunday,SEA,KC,SEA,0.5814517499897646,Medium Confidence,False,0.5814517499897646,0.41854825001023543,3.3,SEA by 3.3,Pending,1654.2582711621333,1621.858427214791,32.39984394734233,87.39984394734233,0.6231908401822379,0.5,0.0,0.5,0.0,No Upset Alert,2026-10-26 00:20:00+00:00,2026-09-22T13:51:52.846611+00:00,forecast_run,utc_clock_at_save,3315fe07c5cdec653f1fd259dc877aeb63fad180,False
2026,7,2026_07_DAL_PHI,2026-10-26,Monday,PHI,DAL,PHI,0.6282525788505464,Medium Confidence,False,0.6282525788505464,0.3717474211494536,4.2,PHI by 4.2,Pending,1645.642309634832,1494.284438161897,151.3578714729349,206.3578714729349,0.7663637301112446,0.0,0.0,0.0,-0.5,No Upset Alert,2026-10-27 00:15:00+00:00,2026-09-22T13:51:52.846611+00:00,forecast_run,utc_clock_at_save,3315fe07c5cdec653f1fd259dc877aeb63fad180,False
2026,8,2026_08_CAR_GB,2026-10-29,Thursday,GB,CAR,GB,0.5564567532286349,Low Confidence,False,0.5564567532286349,0.44354324677136514,0.9,GB by 0.9,Pending,1551.0923239458145,1381.7290127079016,169.36331123791297,224.36331123791297,0.7844075736892071,0.5,0.0,0.5,0.0,No Upset Alert,2026-10-30 00:15:00+00:00,2026-09-22T13:51:52.846611+00:00,forecast_run,utc_clock_at_save,3315fe07c5cdec653f1fd259dc877aeb63fad180,False
2026,8,2026_08_BAL_BUF,2026-11-01,Sunday,BUF,BAL,BUF,0.6392368540597348,Medium Confidence,False,0.6392368540597348,0.36076314594026515,2.9,BUF by 2.9,Pending,1673.3676792048777,1578.5752026288437,94.792476576034,149.792476576034,0.7031357079311132,0.5,0.0,0.5,-0.5,No Upset Alert,2026-11-01 18:00:00+00:00,2026-09-22T13:51:52.846611+00:00,forecast_run,utc_clock_at_save,3315fe07c5cdec653f1fd259dc877aeb63fad180,False
2026,8,2026_08_TEN_CIN,2026-11-01,Sunday,CIN,TEN,CIN,0.848940199672584,High Confidence,False,0.848940199672584,0.15105980032741595,12.3,CIN by 12.3,Pending,1523.420327114108,1315.3845320935968,208.03579502051116,263.03579502051116,0.8196762725491636,0.0,0.5,-0.5,-1.0,No Upset Alert,2026-11-01 18:00:00+00:00,2026-09-22T13:51:52.846611+00:00,forecast_run,utc_clock_at_save,3315fe07c5cdec653f1fd259dc877aeb63fad180,False
2026,8,2026_08_ARI_DAL,2026-11-01,Sunday,DAL,ARI,DAL,0.783523150110956,High Confidence,False,0.783523150110956,0.21647684988904403,8.6,DAL by 8.6,Pending,1494.284438161897,1368.036399911798,126.24803825009894,181.24803825009894,0.7394954067804705,0.0,0.5,-0.5,0.0,No Upset Alert,2026-11-01 18:00:00+00:00,2026-09-22T13:51:52.846611+00:00,forecast_run,utc_clock_at_save,3315fe07c5cdec653f1fd259dc877aeb63fad180,False
2026,8,2026_08_MIN_DET,2026-11-01,Sunday,DET,MIN,DET,0.5946999369876819,Medium Confidence,False,0.5946999369876819,0.40530006301231813,-1.3,MIN by 1.3,Pending,1590.467532592066,1590.253626996748,0.21390559531801046,55.21390559531801,0.578796970991209,0.5,0.5,0.0,0.5,No Upset Alert,2026-11-01 18:00:00+00:00,2026-09-22T13:51:52.846611+00:00,forecast_run,utc_clock_at_save,3315fe07c5cdec653f1fd259dc877aeb63fad180,False
2026,8,2026_08_IND_JAX,2026-11-01,Sunday,JAX,IND,JAX,0.7027902428797792,High Confidence,False,0.7027902428797792,0.2972097571202208,4.2,JAX by 4.2,Pending,1489.270432178238,1442.853248083734,46.41718409450414,101.41718409450414,0.6419422914977908,0.0,0.5,-0.5,-0.5,No Upset Alert,2026-11-01 18:00:00+00:00,2026-09-22T13:51:52.846611+00:00,forecast_run,utc_clock_at_save,3315fe07c5cdec653f1fd259dc877aeb63fad180,False
2026,8,2026_08_LV_NYJ,2026-11-01,Sunday,NYJ,LV,LV,0.5177548211875067,Toss-Up,False,0.48224517881249324,0.5177548211875067,-1.7,LV by 1.7,Pending,1340.6870173755112,1381.0828336677355,-40.395816292224254,14.604183707775746,0.5210047403487852,0.0,0.0,0.0,0.5,No Upset Alert,2026-11-01 18:00:00+00:00,2026-09-22T13:51:52.846611+00:00,forecast_run,utc_clock_at_save,3315fe07c5cdec653f1fd259dc877aeb63fad180,False
2026,8,2026_08_CLE_PIT,2026-11-01,Sunday,PIT,CLE,PIT,0.6687157247749762,High Confidence,False,0.6687157247749762,0.3312842752250238,5.8,PIT by 5.8,Pending,1550.3656699865808,1421.0921871314483,129.27348285513244,184.27348285513244,0.7428364120035162,0.0,0.0,0.0,0.0,No Upset Alert,2026-11-01 18:00:00+00:00,2026-09-22T13:51:52.846611+00:00,forecast_run,utc_clock_at_save,3315fe07c5cdec653f1fd259dc877aeb63fad180,False
2026,8,2026_08_ATL_TB,2026-11-01,Sunday,TB,ATL,TB,0.6632607412254261,High Confidence,False,0.6632607412254261,0.3367392587745739,6.0,TB by 6.0,Pending,1475.839355882932,1427.7870818183876,48.05227406454446,103.05227406454446,0.6441028365772458,0.0,0.0,0.0,0.0,No Upset Alert,2026-11-01 18:00:00+00:00,2026-09-22T13:51:52.846611+00:00,forecast_run,utc_clock_at_save,3315fe07c5cdec653f1fd259dc877aeb63fad180,False
2026,8,2026_08_LAC_LA,2026-11-01,Sunday,LA,LAC,LA,0.7412960235376426,High Confidence,False,0.7412960235376426,0.25870397646235743,9.6,LA by 9.6,Pending,1594.2197775001052,1503.2447353485811,90.97504215152412,145.97504215152412,0.698528372547102,0.5,0.5,0.0,-0.5,No Upset Alert,2026-11-01 21:05:00+00:00,2026-09-22T13:51:52.846611+00:00,forecast_run,utc_clock_at_save,3315fe07c5cdec653f1fd259dc877aeb63fad180,False
2026,8,2026_08_KC_DEN,2026-11-01,Sunday,DEN,KC,KC,0.6260315551019835,Medium Confidence,False,0.3739684448980165,0.6260315551019835,-3.1,KC by 3.1,Pending,1579.9047440643685,1621.858427214791,-41.95368315042242,13.046316849577579,0.5187663396693639,0.5,0.0,0.5,0.5,No Upset Alert,2026-11-01 21:25:00+00:00,2026-09-22T13:51:52.846611+00:00,forecast_run,utc_clock_at_save,3315fe07c5cdec653f1fd259dc877aeb63fad180,False
2026,8,2026_08_NE_MIA,2026-11-01,Sunday,MIA,NE,NE,0.6848863638432747,High Confidence,False,0.3151136361567252,0.6848863638432747,-7.3,NE by 7.3,Pending,1463.0967123147125,1540.7872171826596,-77.69050486794708,-22.690504867947084,0.4673920852033642,0.5,0.5,0.0,0.5,No Upset Alert,2026-11-01 21:25:00+00:00,2026-09-22T13:51:52.846611+00:00,forecast_run,utc_clock_at_save,3315fe07c5cdec653f1fd259dc877aeb63fad180,False
2026,8,2026_08_PHI_WAS,2026-11-01,Sunday,WAS,PHI,PHI,0.6896692722605337,High Confidence,False,0.31033072773946635,0.6896692722605337,-5.6,PHI by 5.6,Pending,1445.229374079767,1645.642309634832,-200.4129355550649,-145.4129355550649,0.3021534691733002,0.0,0.0,0.0,1.0,No Upset Alert,2026-11-02 01:20:00+00:00,2026-09-22T13:51:52.846611+00:00,forecast_run,utc_clock_at_save,3315fe07c5cdec653f1fd259dc877aeb63fad180,False
2026,8,2026_08_CHI_SEA,2026-11-02,Monday,SEA,CHI,SEA,0.7162304425466214,High Confidence,False,0.7162304425466214,0.2837695574533786,7.6,SEA by 7.6,Pending,1654.2582711621333,1479.6429395457528,174.61533161638044,229.61533161638044,0.7894763865703145,0.5,0.5,0.0,-0.5,No Upset Alert,2026-11-03 01:15:00+00:00,2026-09-22T13:51:52.846611+00:00,forecast_run,utc_clock_at_save,3315fe07c5cdec653f1fd259dc877aeb63fad180,False
2026,9,2026_09_JAX_BAL,2026-11-05,Thursday,BAL,JAX,BAL,0.5517222718217666,Low Confidence,False,0.5517222718217666,0.4482777281782334,-0.6,JAX by 0.6,Pending,1578.5752026288437,1489.270432178238,89.3047704506057,144.3047704506057,0.6964997570093933,0.0,0.0,0.0,0.0,No Upset Alert,2026-11-06 01:15:00+00:00,2026-09-22T13:51:52.846611+00:00,forecast_run,utc_clock_at_save,3315fe07c5cdec653f1fd259dc877aeb63fad180,False
2026,9,2026_09_CIN_ATL,2026-11-08,Sunday,ATL,CIN,CIN,0.6675889246796607,High Confidence,False,0.33241107532033926,0.6675889246796607,-4.6,CIN by 4.6,Pending,1427.7870818183876,1523.420327114108,-95.63324529572037,-40.63324529572037,0.44178921512653274,0.0,0.0,0.0,1.0,No Upset Alert,2026-11-08 14:30:00+00:00,2026-09-22T13:51:52.846611+00:00,forecast_run,utc_clock_at_save,3315fe07c5cdec653f1fd259dc877aeb63fad180,False
2026,9,2026_09_DEN_CAR,2026-11-08,Sunday,CAR,DEN,CAR,0.5211092117839017,Toss-Up,True,0.5211092117839017,0.4788907882160983,-0.4,DEN by 0.4,Pending,1381.7290127079016,1579.9047440643685,-198.17573135646694,-143.17573135646694,0.30487586195169325,0.0,0.5,-0.5,0.0,Upset Alert,2026-11-08 18:00:00+00:00,2026-09-22T13:51:52.846611+00:00,forecast_run,utc_clock_at_save,3315fe07c5cdec653f1fd259dc877aeb63fad180,False
2026,9,2026_09_DAL_IND,2026-11-08,Sunday,IND,DAL,DAL,0.564374852834526,Low Confidence,False,0.435625147165474,0.564374852834526,0.2,IND by 0.2,Pending,1442.853248083734,1494.284438161897,-51.43119007816313,3.5688099218368734,0.5051357497036281,0.5,0.0,0.5,0.5,No Upset Alert,2026-11-08 18:00:00+00:00,2026-09-22T13:51:52.846611+00:00,forecast_run,utc_clock_at_save,3315fe07c5cdec653f1fd259dc877aeb63fad180,False
2026,9,2026_09_NYJ_KC,2026-11-08,Sunday,KC,NYJ,KC,0.8226981392038435,High Confidence,False,0.8226981392038435,0.1773018607961565,11.4,KC by 11.4,Pending,1621.858427214791,1340.6870173755112,281.1714098392797,336.1714098392797,0.8738192553799786,0.0,0.0,0.0,-0.5,No Upset Alert,2026-11-08 18:00:00+00:00,2026-09-22T13:51:52.846611+00:00,forecast_run,utc_clock_at_save,3315fe07c5cdec653f1fd259dc877aeb63fad180,False
2026,9,2026_09_DET_MIA,2026-11-08,Sunday,MIA,DET,DET,0.7214917072947815,High Confidence,False,0.2785082927052185,0.7214917072947815,-6.9,DET by 6.9,Pending,1463.0967123147125,1590.467532592066,-127.37082027735346,-72.37082027735346,0.397330642644559,0.5,0.5,0.0,0.5,No Upset Alert,2026-11-08 18:00:00+00:00,2026-09-22T13:51:52.846611+00:00,forecast_run,utc_clock_at_save,3315fe07c5cdec653f1fd259dc877aeb63fad180,False
2026,9,2026_09_CLE_NO,2026-11-08,Sunday,NO,CLE,NO,0.565091780242161,Low Confidence,False,0.565091780242161,0.434908219757839,4.4,NO by 4.4,Pending,1429.4894497168302,1421.0921871314483,8.397262585381895,63.397262585381895,0.5902367030089853,0.5,0.0,0.5,0.0,No Upset Alert,2026-11-08 18:00:00+00:00,2026-09-22T13:51:52.846611+00:00,forecast_run,utc_clock_at_save,3315fe07c5cdec653f1fd259dc877aeb63fad180,False
2026,9,2026_09_NYG_PHI,2026-11-08,Sunday,PHI,NYG,PHI,0.7637522662327182,High Confidence,False,0.7637522662327182,0.2362477337672818,8.1,PHI by 8.1,Pending,1645.642309634832,1362.747096756517,282.89521287831485,337.89521287831485,0.8749093055552237,0.0,0.0,0.0,-0.5,No Upset Alert,2026-11-08 18:00:00+00:00,2026-09-22T13:51:52.846611+00:00,forecast_run,utc_clock_at_save,3315fe07c5cdec653f1fd259dc877aeb63fad180,False
2026,9,2026_09_LA_WAS,2026-11-08,Sunday,WAS,LA,LA,0.6400601656718254,Medium Confidence,False,0.35993983432817456,0.6400601656718254,-6.0,LA by 6.0,Pending,1445.229374079767,1594.2197775001052,-148.99040342033823,-93.99040342033823,0.3679428350178618,0.0,0.5,-0.5,0.5,No Upset Alert,2026-11-08 18:00:00+00:00,2026-09-22T13:51:52.846611+00:00,forecast_run,utc_clock_at_save,3315fe07c5cdec653f1fd259dc877aeb63fad180,False
2026,9,2026_09_HOU_LAC,2026-11-08,Sunday,LAC,HOU,HOU,0.5493881474598304,Low Confidence,False,0.45061185254016956,0.5493881474598304,-1.1,HOU by 1.1,Pending,1503.2447353485811,1540.5472163362183,-37.30248098763718,17.697519012362818,0.5254467726114564,0.5,0.5,0.0,0.0,No Upset Alert,2026-11-08 21:05:00+00:00,2026-09-22T13:51:52.846611+00:00,forecast_run,utc_clock_at_save,3315fe07c5cdec653f1fd259dc877aeb63fad180,False
2026,9,2026_09_LV_SF,2026-11-08,Sunday,SF,LV,SF,0.7968968721583235,High Confidence,False,0.7968968721583235,0.2031031278416765,9.8,SF by 9.8,Pending,1602.3571688696743,1381.0828336677355,221.2743352019388,276.2743352019388,0.8306671564712571,0.0,0.0,0.0,0.0,No Upset Alert,2026-11-08 21:05:00+00:00,2026-09-22T13:51:52.846611+00:00,forecast_run,utc_clock_at_save,3315fe07c5cdec653f1fd259dc877aeb63fad180,False
2026,9,2026_09_GB_NE,2026-11-08,Sunday,NE,GB,NE,0.6121369310680623,Medium Confidence,False,0.6121369310680623,0.38786306893193767,3.6,NE by 3.6,Pending,1540.7872171826596,1551.0923239458145,-10.305106763154981,44.69489323684502,0.5639686418450379,0.5,0.5,0.0,0.0,No Upset Alert,2026-11-08 21:25:00+00:00,2026-09-22T13:51:52.846611+00:00,forecast_run,utc_clock_at_save,3315fe07c5cdec653f1fd259dc877aeb63fad180,False
2026,9,2026_09_ARI_SEA,2026-11-08,Sunday,SEA,ARI,SEA,0.8601035580794201,High Confidence,False,0.8601035580794201,0.13989644192057993,11.9,SEA by 11.9,Pending,1654.2582711621333,1368.036399911798,286.2218712503352,341.2218712503352,0.876990113104505,0.5,0.5,0.0,-0.5,No Upset Alert,2026-11-08 21:25:00+00:00,2026-09-22T13:51:52.846611+00:00,forecast_run,utc_clock_at_save,3315fe07c5cdec653f1fd259dc877aeb63fad180,False
2026,9,2026_09_TB_CHI,2026-11-08,Sunday,CHI,TB,CHI,0.5985499083103836,Medium Confidence,False,0.5985499083103836,0.40145009168961643,3.9,CHI by 3.9,Pending,1479.6429395457528,1475.839355882932,3.803583662820756,58.803583662820756,0.5838262640402138,0.5,0.0,0.5,-0.5,No Upset Alert,2026-11-09 01:20:00+00:00,2026-09-22T13:51:52.846611+00:00,forecast_run,utc_clock_at_save,3315fe07c5cdec653f1fd259dc877aeb63fad180,False
2026,9,2026_09_BUF_MIN,2026-11-09,Monday,MIN,BUF,BUF,0.626261813771289,Medium Confidence,False,0.3737381862287111,0.626261813771289,-3.7,BUF by 3.7,Pending,1590.253626996748,1673.3676792048777,-83.1140522081298,-28.114052208129806,0.4596287030903114,0.5,0.5,0.0,0.0,No Upset Alert,2026-11-10 01:15:00+00:00,2026-09-22T13:51:52.846611+00:00,forecast_run,utc_clock_at_save,3315fe07c5cdec653f1fd259dc877aeb63fad180,False
2026,10,2026_10_WAS_NYG,2026-11-12,Thursday,NYG,WAS,NYG,0.5398771739498398,Low Confidence,False,0.5398771739498398,0.4601228260501602,-1.1,WAS by 1.1,Pending,1362.747096756517,1445.229374079767,-82.48227732324995,-27.482277323249946,0.4605321044893425,0.0,0.0,0.0,-0.5,No Upset Alert,2026-11-13 01:15:00+00:00,2026-09-22T13:51:52.846611+00:00,forecast_run,utc_clock_at_save,3315fe07c5cdec653f1fd259dc877aeb63fad180,False
2026,10,2026_10_NE_DET,2026-11-15,Sunday,DET,NE,DET,0.5907917156340384,Medium Confidence,False,0.5907917156340384,0.40920828436596157,-1.2,NE by 1.2,Pending,1590.467532592066,1540.7872171826596,49.680315409406376,104.68031540940638,0.6462482528649832,0.5,0.5,0.0,0.0,No Upset Alert,2026-11-15 14:30:00+00:00,2026-09-22T13:51:52.846611+00:00,forecast_run,utc_clock_at_save,3315fe07c5cdec653f1fd259dc877aeb63fad180,False
2026,10,2026_10_KC_ATL,2026-11-15,Sunday,ATL,KC,KC,0.7521648973386759,High Confidence,False,0.24783510266132416,0.7521648973386759,-11.0,KC by 11.0,Pending,1427.7870818183876,1621.858427214791,-194.07134539640333,-139.07134539640333,0.30990595243128033,0.0,0.0,0.0,1.0,No Upset Alert,2026-11-15 18:00:00+00:00,2026-09-22T13:51:52.846611+00:00,forecast_run,utc_clock_at_save,3315fe07c5cdec653f1fd259dc877aeb63fad180,False
2026,10,2026_10_HOU_CLE,2026-11-15,Sunday,CLE,HOU,HOU,0.562433095564314,Low Confidence,False,0.437566904435686,0.562433095564314,-6.5,HOU by 6.5,Pending,1421.0921871314483,1540.5472163362183,-119.45502920476997,-64.45502920476997,0.40829144234367987,0.0,0.5,-0.5,-0.5,No Upset Alert,2026-11-15 18:00:00+00:00,2026-09-22T13:51:52.846611+00:00,forecast_run,utc_clock_at_save,3315fe07c5cdec653f1fd259dc877aeb63fad180,False
2026,10,2026_10_MIN_GB,2026-11-15,Sunday,GB,MIN,MIN,0.5139792036679173,Toss-Up,False,0.4860207963320827,0.5139792036679173,-2.4,MIN by 2.4,Pending,1551.0923239458145,1590.253626996748,-39.161303050933384,15.838696949066616,0.5227779402192839,0.5,0.5,0.0,0.5,No Upset Alert,2026-11-15 18:00:00+00:00,2026-09-22T13:51:52.846611+00:00,forecast_run,utc_clock_at_save,3315fe07c5cdec653f1fd259dc877aeb63fad180,False
2026,10,2026_10_MIA_IND,2026-11-15,Sunday,IND,MIA,IND,0.6864193098431657,High Confidence,False,0.6864193098431657,0.3135806901568343,7.3,IND by 7.3,Pending,1442.853248083734,1463.0967123147125,-20.24346423097859,34.75653576902141,0.5498524874406672,0.5,0.5,0.0,0.0,No Upset Alert,2026-11-15 18:00:00+00:00,2026-09-22T13:51:52.846611+00:00,forecast_run,utc_clock_at_save,3315fe07c5cdec653f1fd259dc877aeb63fad180,False
2026,10,2026_10_CAR_NO,2026-11-15,Sunday,NO,CAR,CAR,0.537813965740022,Low Confidence,False,0.462186034259978,0.537813965740022,0.8,NO by 0.8,Pending,1429.4894497168302,1381.7290127079016,47.76043700892865,102.76043700892865,0.6437176413319913,0.5,0.0,0.5,0.0,No Upset Alert,2026-11-15 18:00:00+00:00,2026-09-22T13:51:52.846611+00:00,forecast_run,utc_clock_at_save,3315fe07c5cdec653f1fd259dc877aeb63fad180,False
2026,10,2026_10_BUF_NYJ,2026-11-15,Sunday,NYJ,BUF,BUF,0.7949353678686025,High Confidence,False,0.20506463213139745,0.7949353678686025,-3.6,BUF by 3.6,Pending,1340.6870173755112,1673.3676792048777,-332.6806618293665,-277.6806618293665,0.16819718763126407,0.0,0.5,-0.5,0.5,No Upset Alert,2026-11-15 18:00:00+00:00,2026-09-22T13:51:52.846611+00:00,forecast_run,utc_clock_at_save,3315fe07c5cdec653f1fd259dc877aeb63fad180,False
2026,10,2026_10_JAX_TEN,2026-11-15,Sunday,TEN,JAX,JAX,0.826951046217119,High Confidence,False,0.17304895378288102,0.826951046217119,-7.3,JAX by 7.3,Pending,1315.3845320935968,1489.270432178238,-173.8859000846412,-118.88590008464121,0.3352883893317656,0.5,0.0,0.5,0.5,No Upset Alert,2026-11-15 18:00:00+00:00,2026-09-22T13:51:52.846611+00:00,forecast_run,utc_clock_at_save,3315fe07c5cdec653f1fd259dc877aeb63fad180,False
2026,10,2026_10_LA_ARI,2026-11-15,Sunday,ARI,LA,LA,0.7350596032509595,High Confidence,False,0.26494039674904046,0.7350596032509595,-5.9,LA by 5.9,Pending,1368.036399911798,1594.2197775001052,-226.18337758830717,-171.18337758830717,0.2718194961292577,0.5,0.5,0.0,0.0,No Upset Alert,2026-11-15 21:05:00+00:00,2026-09-22T13:51:52.846611+00:00,forecast_run,utc_clock_at_save,3315fe07c5cdec653f1fd259dc877aeb63fad180,False
2026,10,2026_10_SEA_LV,2026-11-15,Sunday,LV,SEA,SEA,0.7416545942275723,High Confidence,False,0.25834540577242765,0.7416545942275723,-4.7,SEA by 4.7,Pending,1381.0828336677355,1654.2582711621333,-273.1754374943978,-218.17543749439778,0.22167725235046024,0.0,0.5,-0.5,0.0,No Upset Alert,2026-11-15 21:05:00+00:00,2026-09-22T13:51:52.846611+00:00,forecast_run,utc_clock_at_save,3315fe07c5cdec653f1fd259dc877aeb63fad180,False
2026,10,2026_10_SF_DAL,2026-11-15,Sunday,DAL,SF,SF,0.5788571485880131,Medium Confidence,False,0.42114285141198693,0.5788571485880131,-3.2,SF by 3.2,Pending,1494.284438161897,1602.3571688696743,-108.07273070777728,-53.07273070777728,0.42421078132996026,0.0,0.0,0.0,0.5,No Upset Alert,2026-11-15 21:25:00+00:00,2026-09-22T13:51:52.846611+00:00,forecast_run,utc_clock_at_save,3315fe07c5cdec653f1fd259dc877aeb63fad180,False
2026,10,2026_10_PIT_CIN,2026-11-15,Sunday,CIN,PIT,CIN,0.6201071755830759,Medium Confidence,False,0.6201071755830759,0.37989282441692407,4.5,CIN by 4.5,Pending,1523.420327114108,1550.3656699865808,-26.945342872472793,28.054657127527207,0.5402863765982735,0.0,0.0,0.0,-0.5,No Upset Alert,2026-11-16 01:20:00+00:00,2026-09-22T13:51:52.846611+00:00,forecast_run,utc_clock_at_save,3315fe07c5cdec653f1fd259dc877aeb63fad180,False
2026,10,2026_10_LAC_BAL,2026-11-16,Monday,BAL,LAC,BAL,0.7635910694873226,High Confidence,False,0.7635910694873226,0.23640893051267742,10.0,BAL by 10.0,Pending,1578.5752026288437,1503.2447353485811,75.33046728026261,130.3304672802626,0.679231531579802,0.0,0.5,-0.5,-0.5,No Upset Alert,2026-11-17 01:15:00+00:00,2026-09-22T13:51:52.846611+00:00,forecast_run,utc_clock_at_save,3315fe07c5cdec653f1fd259dc877aeb63fad180,False
2026,11,2026_11_IND_HOU,2026-11-19,Thursday,HOU,IND,HOU,0.5705714965190554,Medium Confidence,False,0.5705714965190554,0.42942850348094463,3.8,HOU by 3.8,Pending,1540.5472163362183,1442.853248083734,97.69396825248441,152.6939682524844,0.7066102140669931,0.5,0.5,0.0,0.0,No Upset Alert,2026-11-20 01:15:00+00:00,2026-09-22T13:51:52.846611+00:00,forecast_run,utc_clock_at_save,3315fe07c5cdec653f1fd259dc877aeb63fad180,False
2026,11,2026_11_MIA_BUF,2026-11-22,Sunday,BUF,MIA,BUF,0.8618008853374929,High Confidence,False,0.8618008853374929,0.13819911466250712,14.6,BUF by 14.6,Pending,1673.3676792048777,1463.0967123147125,210.27096689016525,265.27096689016525,0.8215702431280212,0.5,0.5,0.0,-1.0,No Upset Alert,2026-11-22 18:00:00+00:00,2026-09-22T13:51:52.846611+00:00,forecast_run,utc_clock_at_save,3315fe07c5cdec653f1fd259dc877aeb63fad180,False
2026,11,2026_11_BAL_CAR,2026-11-22,Sunday,CAR,BAL,BAL,0.6051016642794362,Medium Confidence,False,0.3948983357205638,0.6051016642794362,-1.2,BAL by 1.2,Pending,1381.7290127079016,1578.5752026288437,-196.84618992094215,-141.84618992094215,0.3065002504682707,0.0,0.0,0.0,0.0,No Upset Alert,2026-11-22 18:00:00+00:00,2026-09-22T13:51:52.846611+00:00,forecast_run,utc_clock_at_save,3315fe07c5cdec653f1fd259dc877aeb63fad180,False
2026,11,2026_11_NO_CHI,2026-11-22,Sunday,CHI,NO,CHI,0.6772494751075613,High Confidence,False,0.6772494751075613,0.3227505248924387,5.9,CHI by 5.9,Pending,1479.6429395457528,1429.4894497168302,50.1534898289226,105.1534898289226,0.6468706988852704,0.5,0.5,0.0,0.0,No Upset Alert,2026-11-22 18:00:00+00:00,2026-09-22T13:51:52.846611+00:00,forecast_run,utc_clock_at_save,3315fe07c5cdec653f1fd259dc877aeb63fad180,False
2026,11,2026_11_TEN_DAL,2026-11-22,Sunday,DAL,TEN,DAL,0.8476668650624403,High Confidence,False,0.8476668650624403,0.15233313493755973,14.1,DAL by 14.1,Pending,1494.284438161897,1315.3845320935968,178.8999060683002,233.8999060683002,0.7935463621327216,0.0,0.5,-0.5,-0.5,No Upset Alert,2026-11-22 18:00:00+00:00,2026-09-22T13:51:52.846611+00:00,forecast_run,utc_clock_at_save,3315fe07c5cdec653f1fd259dc877aeb63fad180,False
2026,11,2026_11_TB_DET,2026-11-22,Sunday,DET,TB,DET,0.6626236317759466,High Confidence,False,0.6626236317759466,0.33737636822405337,4.3,DET by 4.3,Pending,1590.467532592066,1475.839355882932,114.62817670913387,169.62817670913387,0.7264048962195081,0.5,0.0,0.5,-0.5,No Upset Alert,2026-11-22 18:00:00+00:00,2026-09-22T13:51:52.846611+00:00,forecast_run,utc_clock_at_save,3315fe07c5cdec653f1fd259dc877aeb63fad180,False
2026,11,2026_11_ARI_KC,2026-11-22,Sunday,KC,ARI,KC,0.8442767298751294,High Confidence,False,0.8442767298751294,0.15572327012487064,8.0,KC by 8.0,Pending,1621.858427214791,1368.036399911798,253.82202730299286,308.82202730299286,0.8554154118235011,0.0,0.5,-0.5,-0.5,No Upset Alert,2026-11-22 18:00:00+00:00,2026-09-22T13:51:52.846611+00:00,forecast_run,utc_clock_at_save,3315fe07c5cdec653f1fd259dc877aeb63fad180,False
2026,11,2026_11_JAX_NYG,2026-11-22,Sunday,NYG,JAX,JAX,0.6700336574077534,High Confidence,False,0.3299663425922465,0.6700336574077534,-7.3,JAX by 7.3,Pending,1362.747096756517,1489.270432178238,-126.52333542172096,-71.52333542172096,0.3984994300771002,0.0,0.0,0.0,0.0,No Upset Alert,2026-11-22 18:00:00+00:00,2026-09-22T13:51:52.846611+00:00,forecast_run,utc_clock_at_save,3315fe07c5cdec653f1fd259dc877aeb63fad180,False
2026,11,2026_11_NYJ_LAC,2026-11-22,Sunday,LAC,NYJ,LAC,0.5957071570590763,Medium Confidence,True,0.5957071570590763,0.4042928429409237,1.6,LAC by 1.6,Pending,1503.2447353485811,1340.6870173755112,162.55771797306988,217.55771797306988,0.7777086217048441,0.5,0.0,0.5,0.5,Upset Alert,2026-11-22 21:05:00+00:00,2026-09-22T13:51:52.846611+00:00,forecast_run,utc_clock_at_save,3315fe07c5cdec653f1fd259dc877aeb63fad180,False
2026,11,2026_11_LV_DEN,2026-11-22,Sunday,DEN,LV,DEN,0.6427957151576795,Medium Confidence,False,0.6427957151576795,0.3572042848423205,1.3,DEN by 1.3,Pending,1579.9047440643685,1381.0828336677355,198.82191039663303,253.82191039663303,0.8117033609636889,0.5,0.0,0.5,0.5,No Upset Alert,2026-11-22 21:25:00+00:00,2026-09-22T13:51:52.846611+00:00,forecast_run,utc_clock_at_save,3315fe07c5cdec653f1fd259dc877aeb63fad180,False
2026,11,2026_11_PIT_PHI,2026-11-22,Sunday,PHI,PIT,PHI,0.6927220453308928,High Confidence,False,0.6927220453308928,0.30727795466910723,7.8,PHI by 7.8,Pending,1645.642309634832,1550.3656699865808,95.27663964825115,150.27663964825115,0.7037171392038434,0.0,0.0,0.0,-0.5,No Upset Alert,2026-11-22 21:25:00+00:00,2026-09-22T13:51:52.846611+00:00,forecast_run,utc_clock_at_save,3315fe07c5cdec653f1fd259dc877aeb63fad180,False
2026,11,2026_11_MIN_SF,2026-11-22,Sunday,SF,MIN,SF,0.6881435131797984,High Confidence,False,0.6881435131797984,0.3118564868202016,5.7,SF by 5.7,Pending,1602.3571688696743,1590.253626996748,12.103541872926371,67.10354187292637,0.5953866334550522,0.0,0.5,-0.5,0.0,No Upset Alert,2026-11-23 01:20:00+00:00,2026-09-22T13:51:52.846611+00:00,forecast_run,utc_clock_at_save,3315fe07c5cdec653f1fd259dc877aeb63fad180,False
2026,11,2026_11_CIN_WAS,2026-11-23,Monday,WAS,CIN,CIN,0.6166175545103607,Medium Confidence,False,0.38338244548963935,0.6166175545103607,-4.7,CIN by 4.7,Pending,1445.229374079767,1523.420327114108,-78.19095303434096,-23.190953034340964,0.46667501335193173,0.0,0.0,0.0,1.0,No Upset Alert,2026-11-24 01:15:00+00:00,2026-09-22T13:51:52.846611+00:00,forecast_run,utc_clock_at_save,3315fe07c5cdec653f1fd259dc877aeb63fad180,False
2026,12,2026_12_GB_LA,2026-11-25,Wednesday,LA,GB,LA,0.6562596558328494,High Confidence,False,0.6562596558328494,0.3437403441671506,5.4,LA by 5.4,Pending,1594.2197775001052,1551.0923239458145,43.127453554290696,98.1274535542907,0.6375779273642057,0.5,0.5,0.0,0.0,No Upset Alert,2026-11-26 01:00:00+00:00,2026-09-22T13:51:52.846611+00:00,forecast_run,utc_clock_at_save,3315fe07c5cdec653f1fd259dc877aeb63fad180,False
2026,12,2026_12_CHI_DET,2026-11-26,Thursday,DET,CHI,DET,0.6150804214379815,Medium Confidence,False,0.6150804214379815,0.3849195785620185,-0.8,CHI by 0.8,Pending,1590.467532592066,1479.6429395457528,110.82459304631311,165.8245930463131,0.7220319257226394,0.5,0.5,0.0,0.0,No Upset Alert,2026-11-26 18:00:00+00:00,2026-09-22T13:51:52.846611+00:00,forecast_run,utc_clock_at_save,3315fe07c5cdec653f1fd259dc877aeb63fad180,False
2026,12,2026_12_PHI_DAL,2026-11-26,Thursday,DAL,PHI,PHI,0.5376261894244091,Low Confidence,False,0.4623738105755909,0.5376261894244091,-1.0,PHI by 1.0,Pending,1494.284438161897,1645.642309634832,-151.3578714729349,-96.3578714729349,0.36477918142626553,0.0,0.0,0.0,0.5,No Upset Alert,2026-11-26 21:30:00+00:00,2026-09-22T13:51:52.846611+00:00,forecast_run,utc_clock_at_save,3315fe07c5cdec653f1fd259dc877aeb63fad180,False
2026,12,2026_12_KC_BUF,2026-11-26,Thursday,BUF,KC,BUF,0.5934919488845474,Medium Confidence,False,0.5934919488845474,0.40650805111545263,2.6,BUF by 2.6,Pending,1673.3676792048777,1621.858427214791,51.509251990086796,106.5092519900868,0.6486513987241616,0.5,0.0,0.5,0.0,No Upset Alert,2026-11-27 01:20:00+00:00,2026-09-22T13:51:52.846611+00:00,forecast_run,utc_clock_at_save,3315fe07c5cdec653f1fd259dc877aeb63fad180,False
2026,12,2026_12_DEN_PIT,2026-11-27,Friday,PIT,DEN,PIT,0.5465958783673074,Low Confidence,False,0.5465958783673074,0.4534041216326926,1.0,PIT by 1.0,Pending,1550.3656699865808,1579.9047440643685,-29.539074077787745,25.460925922212255,0.5365757667632509,0.0,0.5,-0.5,0.0,No Upset Alert,2026-11-27 20:00:00+00:00,2026-09-22T13:51:52.846611+00:00,forecast_run,utc_clock_at_save,3315fe07c5cdec653f1fd259dc877aeb63fad180,False
2026,12,2026_12_NO_CIN,2026-11-29,Sunday,CIN,NO,CIN,0.7180128816363399,High Confidence,False,0.7180128816363399,0.2819871183636601,5.2,CIN by 5.2,Pending,1523.420327114108,1429.4894497168302,93.93087739727775,148.93087739727775,0.7020993853226817,0.0,0.5,-0.5,-0.5,No Upset Alert,2026-11-29 18:00:00+00:00,2026-09-22T13:51:52.846611+00:00,forecast_run,utc_clock_at_save,3315fe07c5cdec653f1fd259dc877aeb63fad180,False
2026,12,2026_12_LV_CLE,2026-11-29,Sunday,CLE,LV,CLE,0.5211110793948485,Toss-Up,True,0.5211110793948485,0.47888892060515154,-1.3,LV by 1.3,Pending,1421.0921871314483,1381.0828336677355,40.00935346371284,95.00935346371284,0.6334202024231236,0.0,0.0,0.0,0.5,Upset Alert,2026-11-29 18:00:00+00:00,2026-09-22T13:51:52.846611+00:00,forecast_run,utc_clock_at_save,3315fe07c5cdec653f1fd259dc877aeb63fad180,False
2026,12,2026_12_BAL_HOU,2026-11-29,Sunday,HOU,BAL,BAL,0.5984427082774271,Medium Confidence,False,0.40155729172257293,0.5984427082774271,-0.5,BAL by 0.5,Pending,1540.5472163362183,1578.5752026288437,-38.02798629262543,16.972013707374572,0.5244052817213386,0.5,0.0,0.5,0.5,No Upset Alert,2026-11-29 18:00:00+00:00,2026-09-22T13:51:52.846611+00:00,forecast_run,utc_clock_at_save,3315fe07c5cdec653f1fd259dc877aeb63fad180,False
2026,12,2026_12_NYG_IND,2026-11-29,Sunday,IND,NYG,IND,0.6038358290303577,Medium Confidence,False,0.6038358290303577,0.3961641709696423,2.5,IND by 2.5,Pending,1442.853248083734,1362.747096756517,80.10615132721682,135.10615132721682,0.6851914312460698,0.5,0.0,0.5,0.5,No Upset Alert,2026-11-29 18:00:00+00:00,2026-09-22T13:51:52.846611+00:00,forecast_run,utc_clock_at_save,3315fe07c5cdec653f1fd259dc877aeb63fad180,False
2026,12,2026_12_NYJ_MIA,2026-11-29,Sunday,MIA,NYJ,MIA,0.5244991300066919,Toss-Up,True,0.5244991300066919,0.4755008699933081,-2.8,NYJ by 2.8,Pending,1463.0967123147125,1340.6870173755112,122.40969493920124,177.40969493920124,0.7352164600102143,0.5,0.0,0.5,0.5,Upset Alert,2026-11-29 18:00:00+00:00,2026-09-22T13:51:52.846611+00:00,forecast_run,utc_clock_at_save,3315fe07c5cdec653f1fd259dc877aeb63fad180,False
2026,12,2026_12_ATL_MIN,2026-11-29,Sunday,MIN,ATL,MIN,0.7237572181701547,High Confidence,False,0.7237572181701547,0.2762427818298453,5.8,MIN by 5.8,Pending,1590.253626996748,1427.7870818183876,162.46654517836032,217.46654517836032,0.7776178764780648,0.5,0.0,0.5,-1.0,No Upset Alert,2026-11-29 18:00:00+00:00,2026-09-22T13:51:52.846611+00:00,forecast_run,utc_clock_at_save,3315fe07c5cdec653f1fd259dc877aeb63fad180,False
2026,12,2026_12_TEN_JAX,2026-11-29,Sunday,JAX,TEN,JAX,0.873797863954325,High Confidence,False,0.873797863954325,0.12620213604567498,14.8,JAX by 14.8,Pending,1489.270432178238,1315.3845320935968,173.8859000846412,228.8859000846412,0.788777659199537,0.0,0.5,-0.5,-0.5,No Upset Alert,2026-11-29 21:05:00+00:00,2026-09-22T13:51:52.846611+00:00,forecast_run,utc_clock_at_save,3315fe07c5cdec653f1fd259dc877aeb63fad180,False
2026,12,2026_12_WAS_ARI,2026-11-29,Sunday,ARI,WAS,WAS,0.5642550507950623,Low Confidence,False,0.43574494920493767,0.5642550507950623,-1.1,WAS by 1.1,Pending,1368.036399911798,1445.229374079767,-77.19297416796894,-22.19297416796894,0.46810511029751634,0.5,0.0,0.5,-0.5,No Upset Alert,2026-11-29 21:25:00+00:00,2026-09-22T13:51:52.846611+00:00,forecast_run,utc_clock_at_save,3315fe07c5cdec653f1fd259dc877aeb63fad180,False
2026,12,2026_12_SEA_SF,2026-11-29,Sunday,SF,SEA,SF,0.5332795601322621,Low Confidence,True,0.5332795601322621,0.4667204398677379,0.7,SF by 0.7,Pending,1602.3571688696743,1654.2582711621333,-51.90110229245897,3.0988977075410276,0.5044595540324321,0.0,0.5,-0.5,0.0,Upset Alert,2026-11-29 21:25:00+00:00,2026-09-22T13:51:52.846611+00:00,forecast_run,utc_clock_at_save,3315fe07c5cdec653f1fd259dc877aeb63fad180,False
2026,12,2026_12_NE_LAC,2026-11-29,Sunday,LAC,NE,NE,0.6177532714278586,Medium Confidence,False,0.3822467285721414,0.6177532714278586,-3.9,NE by 3.9,Pending,1503.2447353485811,1540.7872171826596,-37.542481834078444,17.457518165921556,0.5251022661829501,0.5,0.5,0.0,0.5,No Upset Alert,2026-11-30 01:20:00+00:00,2026-09-22T13:51:52.846611+00:00,forecast_run,utc_clock_at_save,3315fe07c5cdec653f1fd259dc877aeb63fad180,False
2026,12,2026_12_CAR_TB,2026-11-30,Monday,TB,CAR,TB,0.5469146573377069,Low Confidence,False,0.5469146573377069,0.45308534266229306,1.8,TB by 1.8,Pending,1475.839355882932,1381.7290127079016,94.1103431750305,149.1103431750305,0.7023154165987371,0.0,0.0,0.0,0.5,No Upset Alert,2026-12-01 01:15:00+00:00,2026-09-22T13:51:52.846611+00:00,forecast_run,utc_clock_at_save,3315fe07c5cdec653f1fd259dc877aeb63fad180,False
2026,13,2026_13_KC_LA,2026-12-03,Thursday,LA,KC,KC,0.5305764961800823,Low Confidence,False,0.4694235038199177,0.5305764961800823,1.0,LA by 1.0,Pending,1594.2197775001052,1621.858427214791,-27.638649714685698,27.361350285314302,0.5392949471131657,0.5,0.0,0.5,0.5,No Upset Alert,2026-12-04 01:15:00+00:00,2026-09-22T13:51:52.846611+00:00,forecast_run,utc_clock_at_save,3315fe07c5cdec653f1fd259dc877aeb63fad180,False
2026,13,2026_13_DET_ATL,2026-12-06,Sunday,ATL,DET,DET,0.685997035186108,High Confidence,False,0.31400296481389206,0.685997035186108,-6.4,DET by 6.4,Pending,1427.7870818183876,1590.467532592066,-162.68045077367833,-107.68045077367833,0.34981363364483975,0.0,0.5,-0.5,0.5,No Upset Alert,2026-12-06 18:00:00+00:00,2026-09-22T13:51:52.846611+00:00,forecast_run,utc_clock_at_save,3315fe07c5cdec653f1fd259dc877aeb63fad180,False
2026,13,2026_13_JAX_CHI,2026-12-06,Sunday,CHI,JAX,JAX,0.5509781221604979,Low Confidence,False,0.4490218778395021,0.5509781221604979,-1.3,JAX by 1.3,Pending,1479.6429395457528,1489.270432178238,-9.6274926324852,45.3725073675148,0.5649276050186838,0.5,0.0,0.5,0.0,No Upset Alert,2026-12-06 18:00:00+00:00,2026-09-22T13:51:52.846611+00:00,forecast_run,utc_clock_at_save,3315fe07c5cdec653f1fd259dc877aeb63fad180,False
2026,13,2026_13_CIN_CLE,2026-12-06,Sunday,CLE,CIN,CIN,0.6509374140685974,High Confidence,False,0.3490625859314026,0.6509374140685974,-5.0,CIN by 5.0,Pending,1421.0921871314483,1523.420327114108,-102.32813998265965,-47.32813998265965,0.4323075206867631,0.0,0.0,0.0,0.5,No Upset Alert,2026-12-06 18:00:00+00:00,2026-09-22T13:51:52.846611+00:00,forecast_run,utc_clock_at_save,3315fe07c5cdec653f1fd259dc877aeb63fad180,False
2026,13,2026_13_GB_NO,2026-12-06,Sunday,NO,GB,GB,0.5498508240034664,Low Confidence,False,0.4501491759965336,0.5498508240034664,-1.9,GB by 1.9,Pending,1429.4894497168302,1551.0923239458145,-121.60287422898432,-66.60287422898432,0.405307852772207,0.5,0.5,0.0,0.0,No Upset Alert,2026-12-06 18:00:00+00:00,2026-09-22T13:51:52.846611+00:00,forecast_run,utc_clock_at_save,3315fe07c5cdec653f1fd259dc877aeb63fad180,False
2026,13,2026_13_SF_NYG,2026-12-06,Sunday,NYG,SF,SF,0.7296559941819005,High Confidence,False,0.2703440058180995,0.7296559941819005,-6.6,SF by 6.6,Pending,1362.747096756517,1602.3571688696743,-239.61007211315723,-184.61007211315723,0.25679362849877874,0.0,0.0,0.0,0.5,No Upset Alert,2026-12-06 18:00:00+00:00,2026-09-22T13:51:52.846611+00:00,forecast_run,utc_clock_at_save,3315fe07c5cdec653f1fd259dc877aeb63fad180,False
2026,13,2026_13_LAC_TB,2026-12-06,Sunday,TB,LAC,TB,0.6346688677786536,Medium Confidence,False,0.6346688677786536,0.3653311322213464,3.2,TB by 3.2,Pending,1475.839355882932,1503.2447353485811,-27.405379465649048,27.594620534350952,0.5396285589079152,0.0,0.5,-0.5,0.0,No Upset Alert,2026-12-06 18:00:00+00:00,2026-09-22T13:51:52.846611+00:00,forecast_run,utc_clock_at_save,3315fe07c5cdec653f1fd259dc877aeb63fad180,False
2026,13,2026_13_WAS_TEN,2026-12-06,Sunday,TEN,WAS,WAS,0.6676320034715533,High Confidence,False,0.3323679965284467,0.6676320034715533,-4.2,WAS by 4.2,Pending,1315.3845320935968,1445.229374079767,-129.8448419861702,-74.8448419861702,0.39392539663881737,0.5,0.0,0.5,0.0,No Upset Alert,2026-12-06 18:00:00+00:00,2026-09-22T13:51:52.846611+00:00,forecast_run,utc_clock_at_save,3315fe07c5cdec653f1fd259dc877aeb63fad180,False
2026,13,2026_13_PHI_ARI,2026-12-06,Sunday,ARI,PHI,PHI,0.7752825359888088,High Confidence,False,0.22471746401119116,0.7752825359888088,-4.2,PHI by 4.2,Pending,1368.036399911798,1645.642309634832,-277.60590972303385,-222.60590972303385,0.2173081589157766,0.5,0.0,0.5,0.5,No Upset Alert,2026-12-06 21:05:00+00:00,2026-09-22T13:51:52.846611+00:00,forecast_run,utc_clock_at_save,3315fe07c5cdec653f1fd259dc877aeb63fad180,False
2026,13,2026_13_MIA_DEN,2026-12-06,Sunday,DEN,MIA,DEN,0.7217606930409828,High Confidence,False,0.7217606930409828,0.2782393069590172,7.2,DEN by 7.2,Pending,1579.9047440643685,1463.0967123147125,116.80803174965604,171.80803174965604,0.728891649145729,0.5,0.5,0.0,-0.5,No Upset Alert,2026-12-06 21:05:00+00:00,2026-09-22T13:51:52.846611+00:00,forecast_run,utc_clock_at_save,3315fe07c5cdec653f1fd259dc877aeb63fad180,False
2026,13,2026_13_CAR_MIN,2026-12-06,Sunday,MIN,CAR,MIN,0.6145634168551697,Medium Confidence,False,0.6145634168551697,0.3854365831448303,3.7,MIN by 3.7,Pending,1590.253626996748,1381.7290127079016,208.52461428884635,263.52461428884635,0.8200918083848413,0.5,0.0,0.5,-0.5,No Upset Alert,2026-12-06 21:25:00+00:00,2026-09-22T13:51:52.846611+00:00,forecast_run,utc_clock_at_save,3315fe07c5cdec653f1fd259dc877aeb63fad180,False
2026,13,2026_13_BUF_NE,2026-12-06,Sunday,NE,BUF,BUF,0.6226741114477103,Medium Confidence,False,0.3773258885522897,0.6226741114477103,-0.4,BUF by 0.4,Pending,1540.7872171826596,1673.3676792048777,-132.58046202221817,-77.58046202221817,0.39017205811694083,0.5,0.5,0.0,0.5,No Upset Alert,2026-12-06 21:25:00+00:00,2026-09-22T13:51:52.846611+00:00,forecast_run,utc_clock_at_save,3315fe07c5cdec653f1fd259dc877aeb63fad180,False
2026,13,2026_13_HOU_PIT,2026-12-06,Sunday,PIT,HOU,PIT,0.5664370517597296,Low Confidence,False,0.5664370517597296,0.4335629482402704,1.5,PIT by 1.5,Pending,1550.3656699865808,1540.5472163362183,9.818453650362471,64.81845365036247,0.592213875330401,0.0,0.5,-0.5,-0.5,No Upset Alert,2026-12-07 01:20:00+00:00,2026-09-22T13:51:52.846611+00:00,forecast_run,utc_clock_at_save,3315fe07c5cdec653f1fd259dc877aeb63fad180,False
2026,13,2026_13_DAL_SEA,2026-12-07,Monday,SEA,DAL,SEA,0.6789219932533372,High Confidence,False,0.6789219932533372,0.32107800674666276,4.2,SEA by 4.2,Pending,1654.2582711621333,1494.284438161897,159.97383300023625,214.97383300023625,0.775126611234972,0.5,0.0,0.5,-0.5,No Upset Alert,2026-12-08 01:15:00+00:00,2026-09-22T13:51:52.846611+00:00,forecast_run,utc_clock_at_save,3315fe07c5cdec653f1fd259dc877aeb63fad180,False
2026,14,2026_14_MIN_NE,2026-12-10,Thursday,NE,MIN,NE,0.5516977032406892,Low Confidence,True,0.5516977032406892,0.44830229675931077,3.6,NE by 3.6,Pending,1540.7872171826596,1590.253626996748,-49.466409814088365,5.533590185911635,0.5079628031295758,0.5,0.5,0.0,0.5,Upset Alert,2026-12-11 01:15:00+00:00,2026-09-22T13:51:52.846611+00:00,forecast_run,utc_clock_at_save,3315fe07c5cdec653f1fd259dc877aeb63fad180,False
2026,14,2026_14_TB_BAL,2026-12-13,Sunday,BAL,TB,BAL,0.6922020768638446,High Confidence,False,0.6922020768638446,0.3077979231361554,7.2,BAL by 7.2,Pending,1578.5752026288437,1475.839355882932,102.73584674591166,157.73584674591166,0.712590833796335,0.0,0.0,0.0,-0.5,No Upset Alert,2026-12-13 18:00:00+00:00,2026-09-22T13:51:52.846611+00:00,forecast_run,utc_clock_at_save,3315fe07c5cdec653f1fd259dc877aeb63fad180,False
2026,14,2026_14_NO_CAR,2026-12-13,Sunday,CAR,NO,CAR,0.6308114179656912,Medium Confidence,False,0.6308114179656912,0.3691885820343088,3.4,CAR by 3.4,Pending,1381.7290127079016,1429.4894497168302,-47.76043700892865,7.239562991071352,0.5104170610346723,0.0,0.5,-0.5,0.0,No Upset Alert,2026-12-13 18:00:00+00:00,2026-09-22T13:51:52.846611+00:00,forecast_run,utc_clock_at_save,3315fe07c5cdec653f1fd259dc877aeb63fad180,False
2026,14,2026_14_ATL_CLE,2026-12-13,Sunday,CLE,ATL,CLE,0.5663256965609514,Low Confidence,False,0.5663256965609514,0.43367430343904856,2.4,CLE by 2.4,Pending,1421.0921871314483,1427.7870818183876,-6.6948946869392785,48.30510531306072,0.569072146500134,0.0,0.0,0.0,-0.5,No Upset Alert,2026-12-13 18:00:00+00:00,2026-09-22T13:51:52.846611+00:00,forecast_run,utc_clock_at_save,3315fe07c5cdec653f1fd259dc877aeb63fad180,False
2026,14,2026_14_TEN_DET,2026-12-13,Sunday,DET,TEN,DET,0.8571641144830294,High Confidence,False,0.8571641144830294,0.14283588551697057,14.1,DET by 14.1,Pending,1590.467532592066,1315.3845320935968,275.0830004984691,330.0830004984691,0.8699040305255262,0.5,0.5,0.0,-0.5,No Upset Alert,2026-12-13 18:00:00+00:00,2026-09-22T13:51:52.846611+00:00,forecast_run,utc_clock_at_save,3315fe07c5cdec653f1fd259dc877aeb63fad180,False
2026,14,2026_14_CHI_MIA,2026-12-13,Sunday,MIA,CHI,CHI,0.6613990929652651,High Confidence,False,0.33860090703473494,0.6613990929652651,-4.7,CHI by 4.7,Pending,1463.0967123147125,1479.6429395457528,-16.546227231040348,38.45377276895965,0.555114563415177,0.5,0.5,0.0,0.5,No Upset Alert,2026-12-13 18:00:00+00:00,2026-09-22T13:51:52.846611+00:00,forecast_run,utc_clock_at_save,3315fe07c5cdec653f1fd259dc877aeb63fad180,False
2026,14,2026_14_DEN_NYJ,2026-12-13,Sunday,NYJ,DEN,DEN,0.617615910978206,Medium Confidence,False,0.382384089021794,0.617615910978206,-2.6,DEN by 2.6,Pending,1340.6870173755112,1579.9047440643685,-239.21772668885728,-184.21772668885728,0.2572249055909348,0.0,0.5,-0.5,0.0,No Upset Alert,2026-12-13 18:00:00+00:00,2026-09-22T13:51:52.846611+00:00,forecast_run,utc_clock_at_save,3315fe07c5cdec653f1fd259dc877aeb63fad180,False
2026,14,2026_14_IND_PHI,2026-12-13,Sunday,PHI,IND,PHI,0.7242146733646809,High Confidence,False,0.7242146733646809,0.2757853266353191,6.8,PHI by 6.8,Pending,1645.642309634832,1442.853248083734,202.78906155109803,257.78906155109803,0.8151689346114782,0.0,0.5,-0.5,-1.0,No Upset Alert,2026-12-13 18:00:00+00:00,2026-09-22T13:51:52.846611+00:00,forecast_run,utc_clock_at_save,3315fe07c5cdec653f1fd259dc877aeb63fad180,False
2026,14,2026_14_HOU_WAS,2026-12-13,Sunday,WAS,HOU,HOU,0.5257980020571219,Toss-Up,False,0.4742019979428781,0.5257980020571219,-2.8,HOU by 2.8,Pending,1445.229374079767,1540.5472163362183,-95.31784225645129,-40.317842256451286,0.44223701161830425,0.0,0.5,-0.5,0.0,No Upset Alert,2026-12-13 18:00:00+00:00,2026-09-22T13:51:52.846611+00:00,forecast_run,utc_clock_at_save,3315fe07c5cdec653f1fd259dc877aeb63fad180,False
2026,14,2026_14_LAC_LV,2026-12-13,Sunday,LV,LAC,LV,0.5614991152876856,Low Confidence,False,0.5614991152876856,0.4385008847123144,-4.9,LAC by 4.9,Pending,1381.0828336677355,1503.2447353485811,-122.16190168084563,-67.16190168084563,0.40453243926628607,0.0,0.5,-0.5,-1.0,No Upset Alert,2026-12-13 21:05:00+00:00,2026-09-22T13:51:52.846611+00:00,forecast_run,utc_clock_at_save,3315fe07c5cdec653f1fd259dc877aeb63fad180,False
2026,14,2026_14_KC_CIN,2026-12-13,Sunday,CIN,KC,KC,0.5557894250407924,Low Confidence,False,0.4442105749592075,0.5557894250407924,-2.9,KC by 2.9,Pending,1523.420327114108,1621.858427214791,-98.43810010068296,-43.43810010068296,0.437811240591968,0.0,0.0,0.0,0.0,No Upset Alert,2026-12-13 21:25:00+00:00,2026-09-22T13:51:52.846611+00:00,forecast_run,utc_clock_at_save,3315fe07c5cdec653f1fd259dc877aeb63fad180,False
2026,14,2026_14_NYG_SEA,2026-12-13,Sunday,SEA,NYG,SEA,0.8015373566368895,High Confidence,False,0.8015373566368895,0.19846264336311048,8.0,SEA by 8.0,Pending,1654.2582711621333,1362.747096756517,291.5111744056162,346.5111744056162,0.8802372384972784,0.5,0.0,0.5,-0.5,No Upset Alert,2026-12-13 21:25:00+00:00,2026-09-22T13:51:52.846611+00:00,forecast_run,utc_clock_at_save,3315fe07c5cdec653f1fd259dc877aeb63fad180,False
2026,14,2026_14_LA_SF,2026-12-13,Sunday,SF,LA,SF,0.6422596210579362,Medium Confidence,False,0.6422596210579362,0.3577403789420638,4.7,SF by 4.7,Pending,1602.3571688696743,1594.2197775001052,8.137391369569059,63.13739136956906,0.5898748504144729,0.0,0.5,-0.5,-0.5,No Upset Alert,2026-12-13 21:25:00+00:00,2026-09-22T13:51:52.846611+00:00,forecast_run,utc_clock_at_save,3315fe07c5cdec653f1fd259dc877aeb63fad180,False
2026,14,2026_14_BUF_GB,2026-12-13,Sunday,GB,BUF,BUF,0.6823624229218288,High Confidence,False,0.31763757707817125,0.6823624229218288,-5.4,BUF by 5.4,Pending,1551.0923239458145,1673.3676792048777,-122.27535525906319,-67.27535525906319,0.40437512856640945,0.5,0.5,0.0,0.5,No Upset Alert,2026-12-14 01:20:00+00:00,2026-09-22T13:51:52.846611+00:00,forecast_run,utc_clock_at_save,3315fe07c5cdec653f1fd259dc877aeb63fad180,False
2026,14,2026_14_PIT_JAX,2026-12-14,Monday,JAX,PIT,JAX,0.6660971963916917,High Confidence,False,0.6660971963916917,0.33390280360830826,6.1,JAX by 6.1,Pending,1489.270432178238,1550.3656699865808,-61.095237808342745,-6.095237808342745,0.49122914747427643,0.0,0.0,0.0,0.0,No Upset Alert,2026-12-15 01:15:00+00:00,2026-09-22T13:51:52.846611+00:00,forecast_run,utc_clock_at_save,3315fe07c5cdec653f1fd259dc877aeb63fad180,False
2026,15,2026_15_SF_LAC,2026-12-17,Thursday,LAC,SF,SF,0.7435133504757856,High Confidence,False,0.25648664952421435,0.7435133504757856,-10.0,SF by 10.0,Pending,1503.2447353485811,1602.3571688696743,-99.11243352109318,-44.11243352109318,0.43685604111791027,0.5,0.0,0.5,1.0,No Upset Alert,2026-12-18 01:15:00+00:00,2026-09-22T13:51:52.846611+00:00,forecast_run,utc_clock_at_save,3315fe07c5cdec653f1fd259dc877aeb63fad180,False
2026,15,2026_15_SEA_PHI,2026-12-19,Saturday,PHI,SEA,SEA,0.5082198175495514,Toss-Up,False,0.49178018245044863,0.5082198175495514,-0.8,SEA by 0.8,Pending,1645.642309634832,1654.2582711621333,-8.615961527301351,46.38403847269865,0.5663582236563889,0.0,0.5,-0.5,0.0,No Upset Alert,2026-12-19 22:00:00+00:00,2026-09-22T13:51:52.846611+00:00,forecast_run,utc_clock_at_save,3315fe07c5cdec653f1fd259dc877aeb63fad180,False
2026,15,2026_15_CHI_BUF,2026-12-19,Saturday,BUF,CHI,BUF,0.7255330472745971,High Confidence,False,0.7255330472745971,0.2744669527254029,5.4,BUF by 5.4,Pending,1673.3676792048777,1479.6429395457528,193.7247396591249,248.7247396591249,0.8071776831265653,0.5,0.5,0.0,-0.5,No Upset Alert,2026-12-20 01:20:00+00:00,2026-09-22T13:51:52.846611+00:00,forecast_run,utc_clock_at_save,3315fe07c5cdec653f1fd259dc877aeb63fad180,False
2026,15,2026_15_CIN_CAR,2026-12-20,Sunday,CAR,CIN,CIN,0.5523659016828467,Low Confidence,False,0.4476340983171533,0.5523659016828467,-0.4,CIN by 0.4,Pending,1381.7290127079016,1523.420327114108,-141.6913144062064,-86.6913144062064,0.3777673988029405,0.0,0.0,0.0,0.5,No Upset Alert,2026-12-20 18:00:00+00:00,2026-09-22T13:51:52.846611+00:00,forecast_run,utc_clock_at_save,3315fe07c5cdec653f1fd259dc877aeb63fad180,False
2026,15,2026_15_MIA_GB,2026-12-20,Sunday,GB,MIA,GB,0.7097259565867763,High Confidence,False,0.7097259565867763,0.2902740434132237,8.4,GB by 8.4,Pending,1551.0923239458145,1463.0967123147125,87.99561163110207,142.99561163110207,0.69490435701118,0.5,0.5,0.0,-0.5,No Upset Alert,2026-12-20 18:00:00+00:00,2026-09-22T13:51:52.846611+00:00,forecast_run,utc_clock_at_save,3315fe07c5cdec653f1fd259dc877aeb63fad180,False
2026,15,2026_15_JAX_HOU,2026-12-20,Sunday,HOU,JAX,JAX,0.5942161264379113,Medium Confidence,False,0.40578387356208867,0.5942161264379113,-4.8,JAX by 4.8,Pending,1540.5472163362183,1489.270432178238,51.27678415798027,106.27678415798027,0.6483463603438456,0.5,0.0,0.5,0.5,No Upset Alert,2026-12-20 18:00:00+00:00,2026-09-22T13:51:52.846611+00:00,forecast_run,utc_clock_at_save,3315fe07c5cdec653f1fd259dc877aeb63fad180,False
2026,15,2026_15_CLE_NYG,2026-12-20,Sunday,NYG,CLE,NYG,0.5763779284330613,Medium Confidence,False,0.5763779284330613,0.42362207156693865,2.4,NYG by 2.4,Pending,1362.747096756517,1421.0921871314483,-58.34509037493126,-3.34509037493126,0.4951861767218764,0.0,0.0,0.0,0.0,No Upset Alert,2026-12-20 18:00:00+00:00,2026-09-22T13:51:52.846611+00:00,forecast_run,utc_clock_at_save,3315fe07c5cdec653f1fd259dc877aeb63fad180,False
2026,15,2026_15_BAL_PIT,2026-12-20,Sunday,PIT,BAL,BAL,0.5803488647876727,Medium Confidence,False,0.4196511352123273,0.5803488647876727,-1.4,BAL by 1.4,Pending,1550.3656699865808,1578.5752026288437,-28.209532642262957,26.790467357737043,0.5384783501239652,0.0,0.0,0.0,0.0,No Upset Alert,2026-12-20 18:00:00+00:00,2026-09-22T13:51:52.846611+00:00,forecast_run,utc_clock_at_save,3315fe07c5cdec653f1fd259dc877aeb63fad180,False
2026,15,2026_15_NO_TB,2026-12-20,Sunday,TB,NO,TB,0.6305516813236886,Medium Confidence,False,0.6305516813236886,0.36944831867631145,3.2,TB by 3.2,Pending,1475.839355882932,1429.4894497168302,46.349906166101846,101.34990616610185,0.6418532687094394,0.0,0.5,-0.5,0.5,No Upset Alert,2026-12-20 18:00:00+00:00,2026-09-22T13:51:52.846611+00:00,forecast_run,utc_clock_at_save,3315fe07c5cdec653f1fd259dc877aeb63fad180,False
2026,15,2026_15_IND_TEN,2026-12-20,Sunday,TEN,IND,IND,0.7103215775468369,High Confidence,False,0.2896784224531631,0.7103215775468369,-6.6,IND by 6.6,Pending,1315.3845320935968,1442.853248083734,-127.46871599013707,-72.46871599013707,0.39719570739944215,0.5,0.5,0.0,0.0,No Upset Alert,2026-12-20 18:00:00+00:00,2026-09-22T13:51:52.846611+00:00,forecast_run,utc_clock_at_save,3315fe07c5cdec653f1fd259dc877aeb63fad180,False
2026,15,2026_15_ATL_WAS,2026-12-20,Sunday,WAS,ATL,WAS,0.6021720013821911,Medium Confidence,False,0.6021720013821911,0.39782799861780893,3.7,WAS by 3.7,Pending,1445.229374079767,1427.7870818183876,17.442292261379407,72.44229226137941,0.6027678728075629,0.0,0.0,0.0,0.0,No Upset Alert,2026-12-20 18:00:00+00:00,2026-09-22T13:51:52.846611+00:00,forecast_run,utc_clock_at_save,3315fe07c5cdec653f1fd259dc877aeb63fad180,False
2026,15,2026_15_NYJ_ARI,2026-12-20,Sunday,ARI,NYJ,ARI,0.5114194713764963,Toss-Up,True,0.5114194713764963,0.48858052862350365,0.8,ARI by 0.8,Pending,1368.036399911798,1340.6870173755112,27.34938253628684,82.34938253628684,0.6163397956950005,0.5,0.0,0.5,0.0,Upset Alert,2026-12-20 21:05:00+00:00,2026-09-22T13:51:52.846611+00:00,forecast_run,utc_clock_at_save,3315fe07c5cdec653f1fd259dc877aeb63fad180,False
2026,15,2026_15_DAL_LA,2026-12-20,Sunday,LA,DAL,LA,0.5758223244436345,Medium Confidence,False,0.5758223244436345,0.42417767555636554,3.1,LA by 3.1,Pending,1594.2197775001052,1494.284438161897,99.93533933820822,154.93533933820822,0.7092778844665212,0.5,0.0,0.5,0.0,No Upset Alert,2026-12-20 21:25:00+00:00,2026-09-22T13:51:52.846611+00:00,forecast_run,utc_clock_at_save,3315fe07c5cdec653f1fd259dc877aeb63fad180,False
2026,15,2026_15_DEN_LV,2026-12-20,Sunday,LV,DEN,DEN,0.5548786945189976,Low Confidence,False,0.44512130548100237,0.5548786945189976,-2.7,DEN by 2.7,Pending,1381.0828336677355,1579.9047440643685,-198.82191039663303,-143.82191039663303,0.30408813015490166,0.0,0.5,-0.5,-0.5,No Upset Alert,2026-12-20 21:25:00+00:00,2026-09-22T13:51:52.846611+00:00,forecast_run,utc_clock_at_save,3315fe07c5cdec653f1fd259dc877aeb63fad180,False
2026,15,2026_15_DET_MIN,2026-12-20,Sunday,MIN,DET,MIN,0.500498785713699,Toss-Up,True,0.500498785713699,0.499501214286301,2.1,MIN by 2.1,Pending,1590.253626996748,1590.467532592066,-0.21390559531801046,54.78609440468199,0.5781964756567115,0.5,0.5,0.0,-0.5,Upset Alert,2026-12-21 01:20:00+00:00,2026-09-22T13:51:52.846611+00:00,forecast_run,utc_clock_at_save,3315fe07c5cdec653f1fd259dc877aeb63fad180,False
2026,15,2026_15_NE_KC,2026-12-21,Monday,KC,NE,KC,0.6673144611054619,High Confidence,False,0.6673144611054619,0.3326855388945381,2.5,KC by 2.5,Pending,1621.858427214791,1540.7872171826596,81.07121003213138,136.07121003213138,0.6863885030743831,0.0,0.5,-0.5,-0.5,No Upset Alert,2026-12-22 01:15:00+00:00,2026-09-22T13:51:52.846611+00:00,forecast_run,utc_clock_at_save,3315fe07c5cdec653f1fd259dc877aeb63fad180,False
2026,16,2026_16_HOU_PHI,2026-12-24,Thursday,PHI,HOU,PHI,0.7081824587490655,High Confidence,False,0.7081824587490655,0.2918175412509345,4.8,PHI by 4.8,Pending,1645.642309634832,1540.5472163362183,105.09509329861362,160.09509329861362,0.7153642250281566,0.0,0.5,-0.5,-1.0,No Upset Alert,2026-12-25 01:15:00+00:00,2026-09-22T13:51:52.846611+00:00,forecast_run,utc_clock_at_save,3315fe07c5cdec653f1fd259dc877aeb63fad180,False
2026,16,2026_16_GB_CHI,2026-12-25,Friday,CHI,GB,CHI,0.5865116702418759,Medium Confidence,False,0.5865116702418759,0.4134883297581241,3.4,CHI by 3.4,Pending,1479.6429395457528,1551.0923239458145,-71.44938440006172,-16.449384400061717,0.4763451049273037,0.5,0.5,0.0,0.0,No Upset Alert,2026-12-25 18:00:00+00:00,2026-09-22T13:51:52.846611+00:00,forecast_run,utc_clock_at_save,3315fe07c5cdec653f1fd259dc877aeb63fad180,False
2026,16,2026_16_BUF_DEN,2026-12-25,Friday,DEN,BUF,BUF,0.6687636596702233,High Confidence,False,0.33123634032977667,0.6687636596702233,-5.7,BUF by 5.7,Pending,1579.9047440643685,1673.3676792048777,-93.46293514050922,-38.46293514050922,0.44487241112257697,0.5,0.5,0.0,0.5,No Upset Alert,2026-12-25 21:30:00+00:00,2026-09-22T13:51:52.846611+00:00,forecast_run,utc_clock_at_save,3315fe07c5cdec653f1fd259dc877aeb63fad180,False
2026,16,2026_16_LA_SEA,2026-12-25,Friday,SEA,LA,SEA,0.6553716791029042,High Confidence,False,0.6553716791029042,0.34462832089709583,5.2,SEA by 5.2,Pending,1654.2582711621333,1594.2197775001052,60.03849366202803,115.03849366202803,0.6597577372678672,0.5,0.5,0.0,-0.5,No Upset Alert,2026-12-26 01:15:00+00:00,2026-09-22T13:51:52.846611+00:00,forecast_run,utc_clock_at_save,3315fe07c5cdec653f1fd259dc877aeb63fad180,False
2026,16,2026_16_TB_ATL,2026-12-27,Sunday,ATL,TB,TB,0.5729067284693723,Medium Confidence,False,0.42709327153062765,0.5729067284693723,-1.2,TB by 1.2,Pending,1427.7870818183876,1475.839355882932,-48.05227406454446,6.947725935455537,0.509997248802934,0.0,0.0,0.0,0.0,No Upset Alert,2026-12-27 18:00:00+00:00,2026-09-22T13:51:52.846611+00:00,forecast_run,utc_clock_at_save,3315fe07c5cdec653f1fd259dc877aeb63fad180,False
2026,16,2026_16_CLE_BAL,2026-12-27,Sunday,BAL,CLE,BAL,0.7711385368249508,High Confidence,False,0.7711385368249508,0.22886146317504918,13.6,BAL by 13.6,Pending,1578.5752026288437,1421.0921871314483,157.4830154973954,212.4830154973954,0.7726175141742916,0.0,0.0,0.0,0.0,No Upset Alert,2026-12-27 18:00:00+00:00,2026-09-22T13:51:52.846611+00:00,forecast_run,utc_clock_at_save,3315fe07c5cdec653f1fd259dc877aeb63fad180,False
2026,16,2026_16_CIN_IND,2026-12-27,Sunday,IND,CIN,CIN,0.5685218209137475,Low Confidence,False,0.43147817908625247,0.5685218209137475,-0.8,CIN by 0.8,Pending,1442.853248083734,1523.420327114108,-80.56707903037409,-25.56707903037409,0.46327228751125654,0.5,0.0,0.5,1.0,No Upset Alert,2026-12-27 18:00:00+00:00,2026-09-22T13:51:52.846611+00:00,forecast_run,utc_clock_at_save,3315fe07c5cdec653f1fd259dc877aeb63fad180,False
2026,16,2026_16_LAC_MIA,2026-12-27,Sunday,MIA,LAC,LAC,0.525809394021989,Toss-Up,False,0.474190605978011,0.525809394021989,-1.7,LAC by 1.7,Pending,1463.0967123147125,1503.2447353485811,-40.14802303386864,14.85197696613136,0.5213607034555335,0.5,0.5,0.0,0.0,No Upset Alert,2026-12-27 18:00:00+00:00,2026-09-22T13:51:52.846611+00:00,forecast_run,utc_clock_at_save,3315fe07c5cdec653f1fd259dc877aeb63fad180,False
2026,16,2026_16_WAS_MIN,2026-12-27,Sunday,MIN,WAS,MIN,0.6779179536715557,High Confidence,False,0.6779179536715557,0.3220820463284443,4.7,MIN by 4.7,Pending,1590.253626996748,1445.229374079767,145.0242529169809,200.0242529169809,0.7597724091361663,0.5,0.0,0.5,-1.0,No Upset Alert,2026-12-27 18:00:00+00:00,2026-09-22T13:51:52.846611+00:00,forecast_run,utc_clock_at_save,3315fe07c5cdec653f1fd259dc877aeb63fad180,False
2026,16,2026_16_ARI_NO,2026-12-27,Sunday,NO,ARI,NO,0.6371440469850853,Medium Confidence,False,0.6371440469850853,0.3628559530149147,5.7,NO by 5.7,Pending,1429.4894497168302,1368.036399911798,61.45304980503215,116.45304980503215,0.6615832364441426,0.5,0.5,0.0,0.0,No Upset Alert,2026-12-27 18:00:00+00:00,2026-09-22T13:51:52.846611+00:00,forecast_run,utc_clock_at_save,3315fe07c5cdec653f1fd259dc877aeb63fad180,False
2026,16,2026_16_NE_NYJ,2026-12-27,Sunday,NYJ,NE,NE,0.6649203653965219,High Confidence,False,0.33507963460347817,0.6649203653965219,-6.4,NE by 6.4,Pending,1340.6870173755112,1540.7872171826596,-200.10019980714833,-145.10019980714833,0.3025331995390929,0.0,0.5,-0.5,0.0,No Upset Alert,2026-12-27 18:00:00+00:00,2026-09-22T13:51:52.846611+00:00,forecast_run,utc_clock_at_save,3315fe07c5cdec653f1fd259dc877aeb63fad180,False
2026,16,2026_16_CAR_PIT,2026-12-27,Sunday,PIT,CAR,PIT,0.5703739574933858,Medium Confidence,False,0.5703739574933858,0.4296260425066142,3.3,PIT by 3.3,Pending,1550.3656699865808,1381.7290127079016,168.6366572786792,223.6366572786792,0.7836993426469311,0.0,0.0,0.0,0.0,No Upset Alert,2026-12-27 18:00:00+00:00,2026-09-22T13:51:52.846611+00:00,forecast_run,utc_clock_at_save,3315fe07c5cdec653f1fd259dc877aeb63fad180,False
2026,16,2026_16_TEN_LV,2026-12-27,Sunday,LV,TEN,LV,0.7388873048618496,High Confidence,False,0.7388873048618496,0.2611126951381504,6.9,LV by 6.9,Pending,1381.0828336677355,1315.3845320935968,65.69830157413867,120.69830157413867,0.6670328091944046,0.0,0.5,-0.5,-1.0,No Upset Alert,2026-12-27 21:05:00+00:00,2026-09-22T13:51:52.846611+00:00,forecast_run,utc_clock_at_save,3315fe07c5cdec653f1fd259dc877aeb63fad180,False
2026,16,2026_16_SF_KC,2026-12-27,Sunday,KC,SF,KC,0.5287410975101395,Toss-Up,False,0.5287410975101395,0.47125890248986047,-0.2,SF by 0.2,Pending,1621.858427214791,1602.3571688696743,19.50125834511664,74.50125834511664,0.605602301971205,0.0,0.0,0.0,0.0,No Upset Alert,2026-12-27 21:25:00+00:00,2026-09-22T13:51:52.846611+00:00,forecast_run,utc_clock_at_save,3315fe07c5cdec653f1fd259dc877aeb63fad180,False
2026,16,2026_16_JAX_DAL,2026-12-27,Sunday,DAL,JAX,JAX,0.5062079405443106,Toss-Up,False,0.4937920594556894,0.5062079405443106,-1.2,JAX by 1.2,Pending,1494.284438161897,1489.270432178238,5.01400598365899,60.01400598365899,0.585518245397534,0.0,0.0,0.0,0.0,No Upset Alert,2026-12-28 01:20:00+00:00,2026-09-22T13:51:52.846611+00:00,forecast_run,utc_clock_at_save,3315fe07c5cdec653f1fd259dc877aeb63fad180,False
2026,16,2026_16_NYG_DET,2026-12-28,Monday,DET,NYG,DET,0.7209226994130152,High Confidence,False,0.7209226994130152,0.27907730058698477,3.3,DET by 3.3,Pending,1590.467532592066,1362.747096756517,227.72043583554887,282.72043583554887,0.8358227116319604,0.5,0.0,0.5,0.0,No Upset Alert,2026-12-29 01:15:00+00:00,2026-09-22T13:51:52.846611+00:00,forecast_run,utc_clock_at_save,3315fe07c5cdec653f1fd259dc877aeb63fad180,False
2026,17,2026_17_BAL_CIN,2026-12-31,Thursday,CIN,BAL,BAL,0.506782798902228,Toss-Up,False,0.49321720109777206,0.506782798902228,-0.2,BAL by 0.2,Pending,1523.420327114108,1578.5752026288437,-55.15487551473575,-0.15487551473574968,0.4997771162325753,0.0,0.0,0.0,-0.5,No Upset Alert,2027-01-01 01:15:00+00:00,2026-09-22T13:51:52.846611+00:00,forecast_run,utc_clock_at_save,3315fe07c5cdec653f1fd259dc877aeb63fad180,False
2026,17,2026_17_NO_ATL,2027-01-03,Sunday,ATL,NO,ATL,0.5123410473354844,Toss-Up,True,0.5123410473354844,0.48765895266451564,-0.8,NO by 0.8,Pending,1427.7870818183876,1429.4894497168302,-1.702367898442617,53.29763210155738,0.5761054103249125,0.0,0.5,-0.5,0.5,Upset Alert,2027-01-03 18:00:00+00:00,2026-09-22T13:51:52.846611+00:00,forecast_run,utc_clock_at_save,3315fe07c5cdec653f1fd259dc877aeb63fad180,False
2026,17,2026_17_SEA_CAR,2027-01-03,Sunday,CAR,SEA,SEA,0.6791266125054298,High Confidence,False,0.3208733874945701,0.6791266125054298,-2.3,SEA by 2.3,Pending,1381.7290127079016,1654.2582711621333,-272.5292584542317,-217.5292584542317,0.22231970150962732,0.0,0.5,-0.5,0.5,No Upset Alert,2027-01-03 18:00:00+00:00,2026-09-22T13:51:52.846611+00:00,forecast_run,utc_clock_at_save,3315fe07c5cdec653f1fd259dc877aeb63fad180,False
2026,17,2026_17_IND_CLE,2027-01-03,Sunday,CLE,IND,IND,0.5385626132144319,Low Confidence,False,0.46143738678556817,0.5385626132144319,0.6,CLE by 0.6,Pending,1421.0921871314483,1442.853248083734,-21.76106095228556,33.23893904771444,0.5476892731485201,0.0,0.5,-0.5,-0.5,No Upset Alert,2027-01-03 18:00:00+00:00,2026-09-22T13:51:52.846611+00:00,forecast_run,utc_clock_at_save,3315fe07c5cdec653f1fd259dc877aeb63fad180,False
2026,17,2026_17_NYG_DAL,2027-01-03,Sunday,DAL,NYG,DAL,0.704171437242953,High Confidence,False,0.704171437242953,0.29582856275704705,7.7,DAL by 7.7,Pending,1494.284438161897,1362.747096756517,131.53734140537995,186.53734140537995,0.7453179979466212,0.0,0.0,0.0,0.0,No Upset Alert,2027-01-03 18:00:00+00:00,2026-09-22T13:51:52.846611+00:00,forecast_run,utc_clock_at_save,3315fe07c5cdec653f1fd259dc877aeb63fad180,False
2026,17,2026_17_WAS_JAX,2027-01-03,Sunday,JAX,WAS,JAX,0.7427145872571462,High Confidence,False,0.7427145872571462,0.25728541274285377,5.1,JAX by 5.1,Pending,1489.270432178238,1445.229374079767,44.04105809847101,99.04105809847101,0.6387922853845764,0.0,0.0,0.0,-0.5,No Upset Alert,2027-01-03 18:00:00+00:00,2026-09-22T13:51:52.846611+00:00,forecast_run,utc_clock_at_save,3315fe07c5cdec653f1fd259dc877aeb63fad180,False
2026,17,2026_17_KC_LAC,2027-01-03,Sunday,LAC,KC,KC,0.7284588276743985,High Confidence,False,0.2715411723256015,0.7284588276743985,-6.9,KC by 6.9,Pending,1503.2447353485811,1621.858427214791,-118.61369186620982,-63.61369186620982,0.40946200880467815,0.5,0.0,0.5,1.0,No Upset Alert,2027-01-03 18:00:00+00:00,2026-09-22T13:51:52.846611+00:00,forecast_run,utc_clock_at_save,3315fe07c5cdec653f1fd259dc877aeb63fad180,False
2026,17,2026_17_BUF_MIA,2027-01-03,Sunday,MIA,BUF,BUF,0.8122876953825207,High Confidence,False,0.1877123046174794,0.8122876953825207,-8.7,BUF by 8.7,Pending,1463.0967123147125,1673.3676792048777,-210.27096689016525,-155.27096689016525,0.2903238872577438,0.5,0.5,0.0,1.0,No Upset Alert,2027-01-03 18:00:00+00:00,2026-09-22T13:51:52.846611+00:00,forecast_run,utc_clock_at_save,3315fe07c5cdec653f1fd259dc877aeb63fad180,False
2026,17,2026_17_DEN_NE,2027-01-03,Sunday,NE,DEN,NE,0.5972385463726402,Medium Confidence,False,0.5972385463726402,0.4027614536273598,3.0,NE by 3.0,Pending,1540.7872171826596,1579.9047440643685,-39.117526881708955,15.882473118291045,0.5228408080855956,0.5,0.5,0.0,0.0,No Upset Alert,2027-01-03 18:00:00+00:00,2026-09-22T13:51:52.846611+00:00,forecast_run,utc_clock_at_save,3315fe07c5cdec653f1fd259dc877aeb63fad180,False
2026,17,2026_17_MIN_NYJ,2027-01-03,Sunday,NYJ,MIN,MIN,0.6602153125091871,High Confidence,False,0.3397846874908129,0.6602153125091871,-3.6,MIN by 3.6,Pending,1340.6870173755112,1590.253626996748,-249.5666096212367,-194.5666096212367,0.24600842010708882,0.0,0.5,-0.5,0.5,No Upset Alert,2027-01-03 18:00:00+00:00,2026-09-22T13:51:52.846611+00:00,forecast_run,utc_clock_at_save,3315fe07c5cdec653f1fd259dc877aeb63fad180,False
2026,17,2026_17_LA_TB,2027-01-03,Sunday,TB,LA,LA,0.5773887959100876,Medium Confidence,False,0.42261120408991243,0.5773887959100876,-4.6,LA by 4.6,Pending,1475.839355882932,1594.2197775001052,-118.38042161717317,-63.38042161717317,0.40978674391199166,0.0,0.5,-0.5,0.5,No Upset Alert,2027-01-03 18:00:00+00:00,2026-09-22T13:51:52.846611+00:00,forecast_run,utc_clock_at_save,3315fe07c5cdec653f1fd259dc877aeb63fad180,False
2026,17,2026_17_PIT_TEN,2027-01-03,Sunday,TEN,PIT,PIT,0.742714439279113,High Confidence,False,0.2572855607208871,0.742714439279113,-3.7,PIT by 3.7,Pending,1315.3845320935968,1550.3656699865808,-234.98113789298395,-179.98113789298395,0.2619119567699605,0.5,0.0,0.5,0.5,No Upset Alert,2027-01-03 18:00:00+00:00,2026-09-22T13:51:52.846611+00:00,forecast_run,utc_clock_at_save,3315fe07c5cdec653f1fd259dc877aeb63fad180,False
2026,17,2026_17_LV_ARI,2027-01-03,Sunday,ARI,LV,LV,0.5541681050464318,Low Confidence,False,0.4458318949535683,0.5541681050464318,-3.9,LV by 3.9,Pending,1368.036399911798,1381.0828336677355,-13.046433755937414,41.953566244062586,0.5600842877081038,0.5,0.0,0.5,0.5,No Upset Alert,2027-01-03 21:05:00+00:00,2026-09-22T13:51:52.846611+00:00,forecast_run,utc_clock_at_save,3315fe07c5cdec653f1fd259dc877aeb63fad180,False
2026,17,2026_17_DET_CHI,2027-01-03,Sunday,CHI,DET,DET,0.5224320402835699,Toss-Up,False,0.47756795971643007,0.5224320402835699,-2.2,DET by 2.2,Pending,1479.6429395457528,1590.467532592066,-110.82459304631311,-55.82459304631311,0.4203462443191949,0.5,0.5,0.0,0.0,No Upset Alert,2027-01-03 21:25:00+00:00,2026-09-22T13:51:52.846611+00:00,forecast_run,utc_clock_at_save,3315fe07c5cdec653f1fd259dc877aeb63fad180,False
2026,17,2026_17_PHI_SF,2027-01-03,Sunday,SF,PHI,SF,0.588803889079627,Medium Confidence,False,0.588803889079627,0.411196110920373,3.8,SF by 3.8,Pending,1602.3571688696743,1645.642309634832,-43.28514076515762,11.714859234842379,0.516852651492953,0.0,0.0,0.0,0.0,No Upset Alert,2027-01-04 01:20:00+00:00,2026-09-22T13:51:52.846611+00:00,forecast_run,utc_clock_at_save,3315fe07c5cdec653f1fd259dc877aeb63fad180,False
2026,17,2026_17_HOU_GB,2027-01-04,Monday,GB,HOU,GB,0.5525255040841888,Low Confidence,False,0.5525255040841888,0.44747449591581123,0.8,GB by 0.8,Pending,1551.0923239458145,1540.5472163362183,10.545107609596243,65.54510760959624,0.5932236541216708,0.5,0.5,0.0,-0.5,No Upset Alert,2027-01-05 01:15:00+00:00,2026-09-22T13:51:52.846611+00:00,forecast_run,utc_clock_at_save,3315fe07c5cdec653f1fd259dc877aeb63fad180,False
2026,18,2026_18_SF_ARI,2027-01-10,Sunday,ARI,SF,SF,0.8040716425157043,High Confidence,False,0.1959283574842957,0.8040716425157043,-6.0,SF by 6.0,Pending,1368.036399911798,1602.3571688696743,-234.32076895787623,-179.32076895787623,0.2626474836471275,0.5,0.0,0.5,0.5,No Upset Alert,2027-01-10 18:00:00+00:00,2026-09-22T13:51:52.846611+00:00,forecast_run,utc_clock_at_save,3315fe07c5cdec653f1fd259dc877aeb63fad180,False
2026,18,2026_18_PIT_BAL,2027-01-10,Sunday,BAL,PIT,BAL,0.6702207119443816,High Confidence,False,0.6702207119443816,0.3297792880556184,5.8,BAL by 5.8,Pending,1578.5752026288437,1550.3656699865808,28.209532642262957,83.20953264226296,0.6175099575029513,0.0,0.0,0.0,0.0,No Upset Alert,2027-01-10 18:00:00+00:00,2026-09-22T13:51:52.846611+00:00,forecast_run,utc_clock_at_save,3315fe07c5cdec653f1fd259dc877aeb63fad180,False
2026,18,2026_18_NYJ_BUF,2027-01-10,Sunday,BUF,NYJ,BUF,0.8458299704632364,High Confidence,False,0.8458299704632364,0.15417002953676362,12.9,BUF by 12.9,Pending,1673.3676792048777,1340.6870173755112,332.6806618293665,387.6806618293665,0.903057593947222,0.5,0.0,0.5,-0.5,No Upset Alert,2027-01-10 18:00:00+00:00,2026-09-22T13:51:52.846611+00:00,forecast_run,utc_clock_at_save,3315fe07c5cdec653f1fd259dc877aeb63fad180,False
2026,18,2026_18_ATL_CAR,2027-01-10,Sunday,CAR,ATL,CAR,0.663529495926943,High Confidence,False,0.663529495926943,0.336470504073057,7.3,CAR by 7.3,Pending,1381.7290127079016,1427.7870818183876,-46.05806911048603,8.94193088951397,0.5128656324155081,0.0,0.0,0.0,-0.5,No Upset Alert,2027-01-10 18:00:00+00:00,2026-09-22T13:51:52.846611+00:00,forecast_run,utc_clock_at_save,3315fe07c5cdec653f1fd259dc877aeb63fad180,False
2026,18,2026_18_CLE_CIN,2027-01-10,Sunday,CIN,CLE,CIN,0.7316477259708898,High Confidence,False,0.7316477259708898,0.2683522740291102,11.0,CIN by 11.0,Pending,1523.420327114108,1421.0921871314483,102.32813998265965,157.32813998265965,0.7121099269044353,0.0,0.0,0.0,-0.5,No Upset Alert,2027-01-10 18:00:00+00:00,2026-09-22T13:51:52.846611+00:00,forecast_run,utc_clock_at_save,3315fe07c5cdec653f1fd259dc877aeb63fad180,False
2026,18,2026_18_LAC_DEN,2027-01-10,Sunday,DEN,LAC,DEN,0.659537148010704,High Confidence,False,0.659537148010704,0.34046285198929604,6.0,DEN by 6.0,Pending,1579.9047440643685,1503.2447353485811,76.6600087157874,131.6600087157874,0.6808967439760885,0.5,0.5,0.0,-0.5,No Upset Alert,2027-01-10 18:00:00+00:00,2026-09-22T13:51:52.846611+00:00,forecast_run,utc_clock_at_save,3315fe07c5cdec653f1fd259dc877aeb63fad180,False
2026,18,2026_18_DET_GB,2027-01-10,Sunday,GB,DET,DET,0.5613521627139129,Low Confidence,False,0.43864783728608714,0.5613521627139129,-1.2,DET by 1.2,Pending,1551.0923239458145,1590.467532592066,-39.375208646251394,15.624791353748606,0.5224707356064191,0.5,0.5,0.0,0.0,No Upset Alert,2027-01-10 18:00:00+00:00,2026-09-22T13:51:52.846611+00:00,forecast_run,utc_clock_at_save,3315fe07c5cdec653f1fd259dc877aeb63fad180,False
2026,18,2026_18_TEN_HOU,2027-01-10,Sunday,HOU,TEN,HOU,0.7940959800154119,High Confidence,False,0.7940959800154119,0.20590401998458807,8.1,HOU by 8.1,Pending,1540.5472163362183,1315.3845320935968,225.16268424262148,280.1626842426215,0.8337922904892727,0.5,0.5,0.0,0.0,No Upset Alert,2027-01-10 18:00:00+00:00,2026-09-22T13:51:52.846611+00:00,forecast_run,utc_clock_at_save,3315fe07c5cdec653f1fd259dc877aeb63fad180,False
2026,18,2026_18_JAX_IND,2027-01-10,Sunday,IND,JAX,JAX,0.6168966082360628,Medium Confidence,False,0.38310339176393715,0.6168966082360628,-5.2,JAX by 5.2,Pending,1442.853248083734,1489.270432178238,-46.41718409450414,8.582815905495863,0.5123491530350209,0.5,0.0,0.5,0.5,No Upset Alert,2027-01-10 18:00:00+00:00,2026-09-22T13:51:52.846611+00:00,forecast_run,utc_clock_at_save,3315fe07c5cdec653f1fd259dc877aeb63fad180,False
2026,18,2026_18_LV_KC,2027-01-10,Sunday,KC,LV,KC,0.7831476455865636,High Confidence,False,0.7831476455865636,0.21685235441343642,8.5,KC by 8.5,Pending,1621.858427214791,1381.0828336677355,240.77559354705545,295.77559354705545,0.8458767662985534,0.0,0.0,0.0,0.0,No Upset Alert,2027-01-10 18:00:00+00:00,2026-09-22T13:51:52.846611+00:00,forecast_run,utc_clock_at_save,3315fe07c5cdec653f1fd259dc877aeb63fad180,False
2026,18,2026_18_SEA_LA,2027-01-10,Sunday,LA,SEA,SEA,0.5644654411239158,Low Confidence,False,0.4355345588760842,0.5644654411239158,-2.4,SEA by 2.4,Pending,1594.2197775001052,1654.2582711621333,-60.03849366202803,-5.038493662028031,0.49274953301815183,0.5,0.5,0.0,0.5,No Upset Alert,2027-01-10 18:00:00+00:00,2026-09-22T13:51:52.846611+00:00,forecast_run,utc_clock_at_save,3315fe07c5cdec653f1fd259dc877aeb63fad180,False
2026,18,2026_18_CHI_MIN,2027-01-10,Sunday,MIN,CHI,MIN,0.5690619852496985,Low Confidence,False,0.5690619852496985,0.43093801475030147,3.5,MIN by 3.5,Pending,1590.253626996748,1479.6429395457528,110.6106874509951,165.6106874509951,0.7217847260691345,0.5,0.5,0.0,-0.5,No Upset Alert,2027-01-10 18:00:00+00:00,2026-09-22T13:51:52.846611+00:00,forecast_run,utc_clock_at_save,3315fe07c5cdec653f1fd259dc877aeb63fad180,False
2026,18,2026_18_MIA_NE,2027-01-10,Sunday,NE,MIA,NE,0.7610506408167618,High Confidence,False,0.7610506408167618,0.23894935918323823,8.4,NE by 8.4,Pending,1540.7872171826596,1463.0967123147125,77.69050486794708,132.69050486794708,0.6821842447805704,0.5,0.5,0.0,-0.5,No Upset Alert,2027-01-10 18:00:00+00:00,2026-09-22T13:51:52.846611+00:00,forecast_run,utc_clock_at_save,3315fe07c5cdec653f1fd259dc877aeb63fad180,False
2026,18,2026_18_TB_NO,2027-01-10,Sunday,NO,TB,TB,0.5375185995681024,Low Confidence,False,0.4624814004318975,0.5375185995681024,0.6,NO by 0.6,Pending,1429.4894497168302,1475.839355882932,-46.349906166101846,8.650093833898154,0.5124459142316791,0.5,0.0,0.5,-0.5,No Upset Alert,2027-01-10 18:00:00+00:00,2026-09-22T13:51:52.846611+00:00,forecast_run,utc_clock_at_save,3315fe07c5cdec653f1fd259dc877aeb63fad180,False
2026,18,2026_18_PHI_NYG,2027-01-10,Sunday,NYG,PHI,PHI,0.6940245465882293,High Confidence,False,0.30597545341177074,0.6940245465882293,-1.2,PHI by 1.2,Pending,1362.747096756517,1645.642309634832,-282.89521287831485,-227.89521287831485,0.2121740435764082,0.0,0.0,0.0,0.5,No Upset Alert,2027-01-10 18:00:00+00:00,2026-09-22T13:51:52.846611+00:00,forecast_run,utc_clock_at_save,3315fe07c5cdec653f1fd259dc877aeb63fad180,False
2026,18,2026_18_DAL_WAS,2027-01-10,Sunday,WAS,DAL,DAL,0.612616164811166,Medium Confidence,False,0.387383835188834,0.612616164811166,-2.9,DAL by 2.9,Pending,1445.229374079767,1494.284438161897,-49.05506408213,5.944935917869998,0.5085546156490302,0.0,0.0,0.0,0.5,No Upset Alert,2027-01-10 18:00:00+00:00,2026-09-22T13:51:52.846611+00:00,forecast_run,utc_clock_at_save,3315fe07c5cdec653f1fd259dc877aeb63fad180,False
