season,week,game_id,gameday,weekday,home_team,away_team,predicted_winner,winner_win_probability,confidence_level,upset_alert,home_win_probability,away_win_probability,predicted_home_margin,predicted_margin_text,status,home_elo_before,away_elo_before,elo_diff,home_elo_with_hfa_diff,elo_home_win_prob,home_strength_of_schedule_before,away_strength_of_schedule_before,strength_of_schedule_diff,current_opponent_win_pct_diff,upset_alert_label,kickoff_at_save_utc,saved_at_utc,archive_source,timestamp_basis,model_git_revision,model_working_tree_changed
2026,4,2026_04_PIT_CLE,2026-10-01,Thursday,CLE,PIT,PIT,0.5618068106268097,Low Confidence,False,0.4381931893731903,0.5618068106268097,-3.2,PIT by 3.2,Pending,1428.4410658821632,1558.049876638942,-129.60881075677867,-74.60881075677867,0.3942498316859084,0.16666666666666666,0.3333333333333333,-0.16666666666666666,0.0,No Upset Alert,2026-10-02 00:15:00+00:00,2026-09-29T15:19:33.474638+00:00,forecast_run,utc_clock_at_save,f697f11d675a5e1f1bc2a9e8e03a156a4d8bed6a,False
2026,4,2026_04_IND_WAS,2026-10-04,Sunday,WAS,IND,IND,0.5264872953606972,Toss-Up,False,0.4735127046393029,0.5264872953606972,-1.4,IND by 1.4,Pending,1459.3933893811163,1454.0759311781082,5.317458203008073,60.31745820300807,0.5859421097404973,0.3333333333333333,0.3333333333333333,0.0,0.0,No Upset Alert,2026-10-04 13:30:00+00:00,2026-09-29T15:19:33.474638+00:00,forecast_run,utc_clock_at_save,f697f11d675a5e1f1bc2a9e8e03a156a4d8bed6a,False
2026,4,2026_04_TEN_BAL,2026-10-04,Sunday,BAL,TEN,BAL,0.8818492489319504,High Confidence,False,0.8818492489319504,0.11815075106804962,14.9,BAL by 14.9,Pending,1587.7341383179694,1308.2483759063814,279.485762411588,334.485762411588,0.8727454838157952,0.16666666666666666,0.5,-0.33333333333333337,-0.6666666666666666,No Upset Alert,2026-10-04 17:00:00+00:00,2026-09-29T15:19:33.474638+00:00,forecast_run,utc_clock_at_save,f697f11d675a5e1f1bc2a9e8e03a156a4d8bed6a,False
2026,4,2026_04_NE_BUF,2026-10-04,Sunday,BUF,NE,BUF,0.7735995951417655,High Confidence,False,0.7735995951417655,0.22640040485823454,9.2,BUF by 9.2,Pending,1677.6647562478,1530.887468810454,146.77728743734588,201.77728743734588,0.7616094207779097,0.3333333333333333,0.5,-0.16666666666666669,-0.6666666666666667,No Upset Alert,2026-10-04 17:00:00+00:00,2026-09-29T15:19:33.474638+00:00,forecast_run,utc_clock_at_save,f697f11d675a5e1f1bc2a9e8e03a156a4d8bed6a,False
2026,4,2026_04_NYJ_CHI,2026-10-04,Sunday,CHI,NYJ,CHI,0.735522014083466,High Confidence,False,0.735522014083466,0.26447798591653404,7.2,CHI by 7.2,Pending,1492.733323034646,1337.7373006499781,154.99602238466787,209.99602238466787,0.7700926227737597,0.6666666666666666,0.16666666666666666,0.5,-0.3333333333333333,No Upset Alert,2026-10-04 17:00:00+00:00,2026-09-29T15:19:33.474638+00:00,forecast_run,utc_clock_at_save,f697f11d675a5e1f1bc2a9e8e03a156a4d8bed6a,False
2026,4,2026_04_JAX_CIN,2026-10-04,Sunday,CIN,JAX,JAX,0.5586304397347592,Low Confidence,False,0.4413695602652407,0.5586304397347592,-2.5,JAX by 2.5,Pending,1515.7361204617469,1499.1701805504435,16.565939911303303,71.5659399113033,0.6015593545812988,0.16666666666666666,0.16666666666666666,0.0,0.0,No Upset Alert,2026-10-04 17:00:00+00:00,2026-09-29T15:19:33.474638+00:00,forecast_run,utc_clock_at_save,f697f11d675a5e1f1bc2a9e8e03a156a4d8bed6a,False
2026,4,2026_04_DAL_HOU,2026-10-04,Sunday,HOU,DAL,DAL,0.5120149991861693,Toss-Up,False,0.48798500081383067,0.5120149991861693,1.6,HOU by 1.6,Pending,1529.324533241844,1485.1255024727714,44.19903076907258,99.19903076907258,0.6390020824926949,0.3333333333333333,0.16666666666666666,0.16666666666666666,0.3333333333333333,No Upset Alert,2026-10-04 17:00:00+00:00,2026-09-29T15:19:33.474638+00:00,forecast_run,utc_clock_at_save,f697f11d675a5e1f1bc2a9e8e03a156a4d8bed6a,False
2026,4,2026_04_ARI_NYG,2026-10-04,Sunday,NYG,ARI,NYG,0.6758108561740156,High Confidence,False,0.6758108561740156,0.3241891438259844,4.1,NYG by 4.1,Pending,1369.8832529437325,1364.8558028551092,5.0274500886232545,60.027450088623254,0.5855370269102177,0.0,0.6666666666666666,-0.6666666666666666,-0.3333333333333333,No Upset Alert,2026-10-04 17:00:00+00:00,2026-09-29T15:19:33.474638+00:00,forecast_run,utc_clock_at_save,f697f11d675a5e1f1bc2a9e8e03a156a4d8bed6a,False
2026,4,2026_04_LA_PHI,2026-10-04,Sunday,PHI,LA,PHI,0.5451856943614501,Low Confidence,False,0.5451856943614501,0.45481430563854985,-0.2,LA by 0.2,Pending,1632.5519261459388,1585.3854616526473,47.166464493291414,102.16646449329141,0.6429330837620318,0.16666666666666666,0.5,-0.33333333333333337,-0.3333333333333333,No Upset Alert,2026-10-04 17:00:00+00:00,2026-09-29T15:19:33.474638+00:00,forecast_run,utc_clock_at_save,f697f11d675a5e1f1bc2a9e8e03a156a4d8bed6a,False
2026,4,2026_04_GB_TB,2026-10-04,Sunday,TB,GB,GB,0.5021313164845638,Toss-Up,False,0.4978686835154362,0.5021313164845638,1.4,TB by 1.4,Pending,1467.5329590681656,1536.367947573771,-68.83498850560545,-13.834988505605452,0.4801003679452206,0.3333333333333333,0.3333333333333333,0.0,0.3333333333333333,No Upset Alert,2026-10-04 17:00:00+00:00,2026-09-29T15:19:33.474638+00:00,forecast_run,utc_clock_at_save,f697f11d675a5e1f1bc2a9e8e03a156a4d8bed6a,False
2026,4,2026_04_MIA_MIN,2026-10-04,Sunday,MIN,MIA,MIN,0.8156049799432857,High Confidence,False,0.8156049799432857,0.18439502005671426,8.4,MIN by 8.4,Pending,1598.5600238115144,1455.9974812744572,142.5625425370572,197.5625425370572,0.757176476460503,0.3333333333333333,0.6666666666666666,-0.3333333333333333,-1.0,No Upset Alert,2026-10-04 20:05:00+00:00,2026-09-29T15:19:33.474638+00:00,forecast_run,utc_clock_at_save,f697f11d675a5e1f1bc2a9e8e03a156a4d8bed6a,False
2026,4,2026_04_KC_LV,2026-10-04,Sunday,LV,KC,KC,0.7046580569877079,High Confidence,False,0.29534194301229216,0.7046580569877079,-4.8,KC by 4.8,Pending,1393.9742392937735,1628.9576582550462,-234.98341896127272,-179.98341896127272,0.2619094183929731,0.16666666666666666,0.0,0.16666666666666666,0.0,No Upset Alert,2026-10-04 20:25:00+00:00,2026-09-29T15:19:33.474638+00:00,forecast_run,utc_clock_at_save,f697f11d675a5e1f1bc2a9e8e03a156a4d8bed6a,False
2026,4,2026_04_LAC_SEA,2026-10-04,Sunday,SEA,LAC,SEA,0.8383456128259649,High Confidence,False,0.8383456128259649,0.16165438717403513,12.9,SEA by 12.9,Pending,1640.094255860784,1498.947658305659,141.14659755512503,196.14659755512503,0.7556747222395097,0.3333333333333333,0.6666666666666666,-0.3333333333333333,-0.6666666666666666,No Upset Alert,2026-10-04 20:25:00+00:00,2026-09-29T15:19:33.474638+00:00,forecast_run,utc_clock_at_save,f697f11d675a5e1f1bc2a9e8e03a156a4d8bed6a,False
2026,4,2026_04_DEN_SF,2026-10-04,Sunday,SF,DEN,SF,0.708366168582074,High Confidence,False,0.708366168582074,0.291633831417926,7.3,SF by 7.3,Pending,1605.5377659263631,1588.7390599118264,16.79870601453672,71.79870601453672,0.601880467954839,0.16666666666666666,0.5,-0.33333333333333337,-0.33333333333333337,No Upset Alert,2026-10-04 20:25:00+00:00,2026-09-29T15:19:33.474638+00:00,forecast_run,utc_clock_at_save,f697f11d675a5e1f1bc2a9e8e03a156a4d8bed6a,False
2026,4,2026_04_DET_CAR,2026-10-04,Sunday,CAR,DET,DET,0.6220355704588671,Medium Confidence,False,0.37796442954113285,0.6220355704588671,-3.8,DET by 3.8,Pending,1374.3801339571867,1593.417249317599,-219.03711536041237,-164.03711536041237,0.28003791598155053,0.16666666666666666,0.5,-0.33333333333333337,0.3333333333333333,No Upset Alert,2026-10-05 00:20:00+00:00,2026-09-29T15:19:33.474638+00:00,forecast_run,utc_clock_at_save,f697f11d675a5e1f1bc2a9e8e03a156a4d8bed6a,False
2026,4,2026_04_ATL_NO,2026-10-05,Monday,NO,ATL,ATL,0.5051107375635052,Toss-Up,False,0.4948892624364948,0.5051107375635052,2.8,NO by 2.8,Pending,1416.5980440907922,1442.511458190431,-25.913414099638885,29.086585900361115,0.5417614431466599,0.6666666666666666,0.16666666666666666,0.5,0.0,No Upset Alert,2026-10-06 00:15:00+00:00,2026-09-29T15:19:33.474638+00:00,forecast_run,utc_clock_at_save,f697f11d675a5e1f1bc2a9e8e03a156a4d8bed6a,False
2026,5,2026_05_TB_DAL,2026-10-08,Thursday,DAL,TB,DAL,0.6751054530999917,High Confidence,False,0.6751054530999917,0.3248945469000083,5.9,DAL by 5.9,Pending,1485.1255024727714,1467.5329590681656,17.59254340460575,72.59254340460575,0.602974948592962,0.16666666666666666,0.3333333333333333,-0.16666666666666666,-0.3333333333333333,No Upset Alert,2026-10-09 00:15:00+00:00,2026-09-29T15:19:33.474638+00:00,forecast_run,utc_clock_at_save,f697f11d675a5e1f1bc2a9e8e03a156a4d8bed6a,False
2026,5,2026_05_PHI_JAX,2026-10-11,Sunday,JAX,PHI,JAX,0.6251812954673258,Medium Confidence,False,0.6251812954673258,0.3748187045326742,5.0,JAX by 5.0,Pending,1499.1701805504435,1632.5519261459388,-133.3817455954952,-78.3817455954952,0.38907511350627033,0.16666666666666666,0.16666666666666666,0.0,0.0,No Upset Alert,2026-10-11 13:30:00+00:00,2026-09-29T15:19:33.474638+00:00,forecast_run,utc_clock_at_save,f697f11d675a5e1f1bc2a9e8e03a156a4d8bed6a,False
2026,5,2026_05_CIN_MIA,2026-10-11,Sunday,MIA,CIN,CIN,0.7182859396742185,High Confidence,False,0.2817140603257815,0.7182859396742185,-5.7,CIN by 5.7,Pending,1455.9974812744572,1515.7361204617469,-59.738639187289664,-4.738639187289664,0.4931809728478903,0.6666666666666666,0.16666666666666666,0.5,0.6666666666666666,No Upset Alert,2026-10-11 17:00:00+00:00,2026-09-29T15:19:33.474638+00:00,forecast_run,utc_clock_at_save,f697f11d675a5e1f1bc2a9e8e03a156a4d8bed6a,False
2026,5,2026_05_LV_NE,2026-10-11,Sunday,NE,LV,NE,0.5959955983441267,Medium Confidence,False,0.5959955983441267,0.40400440165587326,2.8,NE by 2.8,Pending,1530.887468810454,1393.9742392937735,136.91322951668053,191.91322951668053,0.7511474378993197,0.5,0.16666666666666666,0.33333333333333337,0.6666666666666667,No Upset Alert,2026-10-11 17:00:00+00:00,2026-09-29T15:19:33.474638+00:00,forecast_run,utc_clock_at_save,f697f11d675a5e1f1bc2a9e8e03a156a4d8bed6a,False
2026,5,2026_05_MIN_NO,2026-10-11,Sunday,NO,MIN,MIN,0.6745963442849685,High Confidence,False,0.3254036557150315,0.6745963442849685,-3.5,MIN by 3.5,Pending,1416.5980440907922,1598.5600238115144,-181.96197972072218,-126.96197972072218,0.32500781064060935,0.6666666666666666,0.3333333333333333,0.3333333333333333,0.6666666666666667,No Upset Alert,2026-10-11 17:00:00+00:00,2026-09-29T15:19:33.474638+00:00,forecast_run,utc_clock_at_save,f697f11d675a5e1f1bc2a9e8e03a156a4d8bed6a,False
2026,5,2026_05_CLE_NYJ,2026-10-11,Sunday,NYJ,CLE,CLE,0.5115855280206305,Toss-Up,False,0.48841447197936955,0.5115855280206305,1.0,NYJ by 1.0,Pending,1337.7373006499781,1428.4410658821632,-90.7037652321851,-35.703765232185106,0.44879826130598055,0.16666666666666666,0.16666666666666666,0.0,0.3333333333333333,No Upset Alert,2026-10-11 17:00:00+00:00,2026-09-29T15:19:33.474638+00:00,forecast_run,utc_clock_at_save,f697f11d675a5e1f1bc2a9e8e03a156a4d8bed6a,False
2026,5,2026_05_IND_PIT,2026-10-11,Sunday,PIT,IND,PIT,0.5503980427493252,Low Confidence,False,0.5503980427493252,0.44960195725067476,3.4,PIT by 3.4,Pending,1558.049876638942,1454.0759311781082,103.97394546083365,158.97394546083365,0.7140482797470373,0.3333333333333333,0.3333333333333333,0.0,-0.3333333333333333,No Upset Alert,2026-10-11 17:00:00+00:00,2026-09-29T15:19:33.474638+00:00,forecast_run,utc_clock_at_save,f697f11d675a5e1f1bc2a9e8e03a156a4d8bed6a,False
2026,5,2026_05_HOU_TEN,2026-10-11,Sunday,TEN,HOU,HOU,0.7392356356574077,High Confidence,False,0.2607643643425923,0.7392356356574077,-7.7,HOU by 7.7,Pending,1308.2483759063814,1529.324533241844,-221.07615733546254,-166.07615733546254,0.2776775273307015,0.5,0.3333333333333333,0.16666666666666669,0.0,No Upset Alert,2026-10-11 17:00:00+00:00,2026-09-29T15:19:33.474638+00:00,forecast_run,utc_clock_at_save,f697f11d675a5e1f1bc2a9e8e03a156a4d8bed6a,False
2026,5,2026_05_NYG_WAS,2026-10-11,Sunday,WAS,NYG,WAS,0.5474831109242977,Low Confidence,True,0.5474831109242977,0.4525168890757023,-1.7,NYG by 1.7,Pending,1459.3933893811163,1369.8832529437325,89.51013643738384,144.51013643738384,0.6967495977745368,0.3333333333333333,0.0,0.3333333333333333,0.3333333333333333,Upset Alert,2026-10-11 17:00:00+00:00,2026-09-29T15:19:33.474638+00:00,forecast_run,utc_clock_at_save,f697f11d675a5e1f1bc2a9e8e03a156a4d8bed6a,False
2026,5,2026_05_DEN_LAC,2026-10-11,Sunday,LAC,DEN,DEN,0.631268812424124,Medium Confidence,False,0.368731187575876,0.631268812424124,-3.5,DEN by 3.5,Pending,1498.947658305659,1588.7390599118264,-89.79140160616748,-34.79140160616748,0.4500978358869651,0.6666666666666666,0.5,0.16666666666666663,0.6666666666666666,No Upset Alert,2026-10-11 20:05:00+00:00,2026-09-29T15:19:33.474638+00:00,forecast_run,utc_clock_at_save,f697f11d675a5e1f1bc2a9e8e03a156a4d8bed6a,False
2026,5,2026_05_DET_ARI,2026-10-11,Sunday,ARI,DET,DET,0.7533731619056413,High Confidence,False,0.24662683809435867,0.7533731619056413,-6.1,DET by 6.1,Pending,1364.8558028551092,1593.417249317599,-228.5614464624898,-173.5614464624898,0.2691184092260677,0.6666666666666666,0.5,0.16666666666666663,0.3333333333333333,No Upset Alert,2026-10-11 20:25:00+00:00,2026-09-29T15:19:33.474638+00:00,forecast_run,utc_clock_at_save,f697f11d675a5e1f1bc2a9e8e03a156a4d8bed6a,False
2026,5,2026_05_CHI_GB,2026-10-11,Sunday,GB,CHI,CHI,0.5169229139983109,Toss-Up,False,0.483077086001689,0.5169229139983109,-2.5,CHI by 2.5,Pending,1536.367947573771,1492.733323034646,43.63462453912507,98.63462453912507,0.6382522741598469,0.3333333333333333,0.6666666666666666,-0.3333333333333333,0.3333333333333333,No Upset Alert,2026-10-11 20:25:00+00:00,2026-09-29T15:19:33.474638+00:00,forecast_run,utc_clock_at_save,f697f11d675a5e1f1bc2a9e8e03a156a4d8bed6a,False
2026,5,2026_05_SF_SEA,2026-10-11,Sunday,SEA,SF,SEA,0.557336178607521,Low Confidence,False,0.557336178607521,0.44266382139247895,2.2,SEA by 2.2,Pending,1640.094255860784,1605.5377659263631,34.556489934420824,89.55648993442082,0.6261016096598887,0.3333333333333333,0.16666666666666666,0.16666666666666666,0.33333333333333337,No Upset Alert,2026-10-11 20:25:00+00:00,2026-09-29T15:19:33.474638+00:00,forecast_run,utc_clock_at_save,f697f11d675a5e1f1bc2a9e8e03a156a4d8bed6a,False
2026,5,2026_05_BAL_ATL,2026-10-11,Sunday,ATL,BAL,BAL,0.6727834262440849,High Confidence,False,0.32721657375591506,0.6727834262440849,-5.5,BAL by 5.5,Pending,1442.511458190431,1587.7341383179694,-145.2226801275383,-90.2226801275383,0.3730010817031246,0.16666666666666666,0.16666666666666666,0.0,0.3333333333333333,No Upset Alert,2026-10-12 00:20:00+00:00,2026-09-29T15:19:33.474638+00:00,forecast_run,utc_clock_at_save,f697f11d675a5e1f1bc2a9e8e03a156a4d8bed6a,False
2026,5,2026_05_BUF_LA,2026-10-12,Monday,LA,BUF,BUF,0.6132600758949815,Medium Confidence,False,0.3867399241050185,0.6132600758949815,-2.3,BUF by 2.3,Pending,1585.3854616526473,1677.6647562478,-92.27929459515258,-37.27929459515258,0.44655572573716373,0.5,0.3333333333333333,0.16666666666666669,0.6666666666666667,No Upset Alert,2026-10-13 00:15:00+00:00,2026-09-29T15:19:33.474638+00:00,forecast_run,utc_clock_at_save,f697f11d675a5e1f1bc2a9e8e03a156a4d8bed6a,False
2026,6,2026_06_SEA_DEN,2026-10-15,Thursday,DEN,SEA,SEA,0.6289921038870726,Medium Confidence,False,0.3710078961129274,0.6289921038870726,-4.6,SEA by 4.6,Pending,1588.7390599118264,1640.094255860784,-51.355195948957544,3.644804051042456,0.5052451022610269,0.5,0.3333333333333333,0.16666666666666669,0.0,No Upset Alert,2026-10-16 00:15:00+00:00,2026-09-29T15:19:33.474638+00:00,forecast_run,utc_clock_at_save,f697f11d675a5e1f1bc2a9e8e03a156a4d8bed6a,False
2026,6,2026_06_HOU_JAX,2026-10-18,Sunday,JAX,HOU,JAX,0.7041399871160939,High Confidence,False,0.7041399871160939,0.29586001288390607,6.4,JAX by 6.4,Pending,1499.1701805504435,1529.324533241844,-30.15435269140039,24.84564730859961,0.5356949346852348,0.16666666666666666,0.3333333333333333,-0.16666666666666666,-0.6666666666666666,No Upset Alert,2026-10-18 13:30:00+00:00,2026-09-29T15:19:33.474638+00:00,forecast_run,utc_clock_at_save,f697f11d675a5e1f1bc2a9e8e03a156a4d8bed6a,False
2026,6,2026_06_CHI_ATL,2026-10-18,Sunday,ATL,CHI,CHI,0.5713010020424282,Medium Confidence,False,0.4286989979575718,0.5713010020424282,-2.1,CHI by 2.1,Pending,1442.511458190431,1492.733323034646,-50.221864844214906,4.778135155785094,0.506875855759536,0.16666666666666666,0.6666666666666666,-0.5,0.3333333333333333,No Upset Alert,2026-10-18 17:00:00+00:00,2026-09-29T15:19:33.474638+00:00,forecast_run,utc_clock_at_save,f697f11d675a5e1f1bc2a9e8e03a156a4d8bed6a,False
2026,6,2026_06_BAL_CLE,2026-10-18,Sunday,CLE,BAL,BAL,0.6966531938623133,High Confidence,False,0.3033468061376867,0.6966531938623133,-6.8,BAL by 6.8,Pending,1428.4410658821632,1587.7341383179694,-159.29307243580615,-104.29307243580615,0.3542615222677542,0.16666666666666666,0.16666666666666666,0.0,0.0,No Upset Alert,2026-10-18 17:00:00+00:00,2026-09-29T15:19:33.474638+00:00,forecast_run,utc_clock_at_save,f697f11d675a5e1f1bc2a9e8e03a156a4d8bed6a,False
2026,6,2026_06_TEN_IND,2026-10-18,Sunday,IND,TEN,IND,0.8098439270851445,High Confidence,False,0.8098439270851445,0.19015607291485548,13.2,IND by 13.2,Pending,1454.0759311781082,1308.2483759063814,145.82755527172685,200.82755527172685,0.7606153924773278,0.3333333333333333,0.5,-0.16666666666666669,-0.3333333333333333,No Upset Alert,2026-10-18 17:00:00+00:00,2026-09-29T15:19:33.474638+00:00,forecast_run,utc_clock_at_save,f697f11d675a5e1f1bc2a9e8e03a156a4d8bed6a,False
2026,6,2026_06_NYJ_NE,2026-10-18,Sunday,NE,NYJ,NE,0.6946573198301179,High Confidence,False,0.6946573198301179,0.3053426801698821,4.7,NE by 4.7,Pending,1530.887468810454,1337.7373006499781,193.1501681604759,248.1501681604759,0.8066623746501853,0.5,0.16666666666666666,0.33333333333333337,0.0,No Upset Alert,2026-10-18 17:00:00+00:00,2026-09-29T15:19:33.474638+00:00,forecast_run,utc_clock_at_save,f697f11d675a5e1f1bc2a9e8e03a156a4d8bed6a,False
2026,6,2026_06_NO_NYG,2026-10-18,Sunday,NYG,NO,NYG,0.6077193712614267,Medium Confidence,False,0.6077193712614267,0.3922806287385733,3.2,NYG by 3.2,Pending,1369.8832529437325,1416.5980440907922,-46.714791147059714,8.285208852940286,0.5119211143675343,0.0,0.6666666666666666,-0.6666666666666666,-0.3333333333333333,No Upset Alert,2026-10-18 17:00:00+00:00,2026-09-29T15:19:33.474638+00:00,forecast_run,utc_clock_at_save,f697f11d675a5e1f1bc2a9e8e03a156a4d8bed6a,False
2026,6,2026_06_CAR_PHI,2026-10-18,Sunday,PHI,CAR,PHI,0.6716274862113141,High Confidence,False,0.6716274862113141,0.3283725137886859,3.5,PHI by 3.5,Pending,1632.5519261459388,1374.3801339571867,258.1717921887521,313.1717921887521,0.8584847887657135,0.16666666666666666,0.16666666666666666,0.0,-0.3333333333333333,No Upset Alert,2026-10-18 17:00:00+00:00,2026-09-29T15:19:33.474638+00:00,forecast_run,utc_clock_at_save,f697f11d675a5e1f1bc2a9e8e03a156a4d8bed6a,False
2026,6,2026_06_PIT_TB,2026-10-18,Sunday,TB,PIT,PIT,0.5306138985283002,Low Confidence,False,0.46938610147169985,0.5306138985283002,-0.7,PIT by 0.7,Pending,1467.5329590681656,1558.049876638942,-90.51691757077629,-35.516917570776286,0.4490643515701145,0.3333333333333333,0.3333333333333333,0.0,0.6666666666666666,No Upset Alert,2026-10-18 17:00:00+00:00,2026-09-29T15:19:33.474638+00:00,forecast_run,utc_clock_at_save,f697f11d675a5e1f1bc2a9e8e03a156a4d8bed6a,False
2026,6,2026_06_ARI_LA,2026-10-18,Sunday,LA,ARI,LA,0.7958442348148835,High Confidence,False,0.7958442348148835,0.20415576518511647,8.1,LA by 8.1,Pending,1585.3854616526473,1364.8558028551092,220.5296587975381,275.5296587975381,0.8300633372941012,0.5,0.6666666666666666,-0.16666666666666663,0.0,No Upset Alert,2026-10-18 20:05:00+00:00,2026-09-29T15:19:33.474638+00:00,forecast_run,utc_clock_at_save,f697f11d675a5e1f1bc2a9e8e03a156a4d8bed6a,False
2026,6,2026_06_LAC_KC,2026-10-18,Sunday,KC,LAC,KC,0.8329451406915905,High Confidence,False,0.8329451406915905,0.16705485930840946,5.8,KC by 5.8,Pending,1628.9576582550462,1498.947658305659,130.0099999493873,185.0099999493873,0.7436454960462027,0.0,0.6666666666666666,-0.6666666666666666,-1.0,No Upset Alert,2026-10-18 20:25:00+00:00,2026-09-29T15:19:33.474638+00:00,forecast_run,utc_clock_at_save,f697f11d675a5e1f1bc2a9e8e03a156a4d8bed6a,False
2026,6,2026_06_BUF_LV,2026-10-18,Sunday,LV,BUF,BUF,0.7372091984091844,High Confidence,False,0.2627908015908156,0.7372091984091844,-4.6,BUF by 4.6,Pending,1393.9742392937735,1677.6647562478,-283.6905169540264,-228.6905169540264,0.2114097876937438,0.16666666666666666,0.3333333333333333,-0.16666666666666666,0.0,No Upset Alert,2026-10-18 20:25:00+00:00,2026-09-29T15:19:33.474638+00:00,forecast_run,utc_clock_at_save,f697f11d675a5e1f1bc2a9e8e03a156a4d8bed6a,False
2026,6,2026_06_DAL_GB,2026-10-18,Sunday,GB,DAL,DAL,0.5333780139109883,Low Confidence,False,0.4666219860890118,0.5333780139109883,-1.2,DAL by 1.2,Pending,1536.367947573771,1485.1255024727714,51.2424451009997,106.2424451009997,0.6483012912330455,0.3333333333333333,0.16666666666666666,0.16666666666666666,0.0,No Upset Alert,2026-10-19 00:20:00+00:00,2026-09-29T15:19:33.474638+00:00,forecast_run,utc_clock_at_save,f697f11d675a5e1f1bc2a9e8e03a156a4d8bed6a,False
2026,6,2026_06_WAS_SF,2026-10-19,Monday,SF,WAS,SF,0.7917938159173316,High Confidence,False,0.7917938159173316,0.20820618408266844,8.9,SF by 8.9,Pending,1605.5377659263631,1459.3933893811163,146.1443765452468,201.1443765452468,0.7609473059428916,0.16666666666666666,0.3333333333333333,-0.16666666666666666,-0.6666666666666667,No Upset Alert,2026-10-20 00:15:00+00:00,2026-09-29T15:19:33.474638+00:00,forecast_run,utc_clock_at_save,f697f11d675a5e1f1bc2a9e8e03a156a4d8bed6a,False
2026,7,2026_07_NE_CHI,2026-10-22,Thursday,CHI,NE,CHI,0.5963355606399965,Medium Confidence,False,0.5963355606399965,0.4036644393600035,6.3,CHI by 6.3,Pending,1492.733323034646,1530.887468810454,-38.15414577580805,16.845854224191953,0.5242241529850733,0.6666666666666666,0.5,0.16666666666666663,-0.3333333333333333,No Upset Alert,2026-10-23 00:15:00+00:00,2026-09-29T15:19:33.474638+00:00,forecast_run,utc_clock_at_save,f697f11d675a5e1f1bc2a9e8e03a156a4d8bed6a,False
2026,7,2026_07_PIT_NO,2026-10-25,Sunday,NO,PIT,PIT,0.5877107324208641,Medium Confidence,False,0.4122892675791358,0.5877107324208641,0.2,NO by 0.2,Pending,1416.5980440907922,1558.049876638942,-141.4518325481497,-86.4518325481497,0.3780914985353731,0.6666666666666666,0.3333333333333333,0.3333333333333333,0.3333333333333333,No Upset Alert,2026-10-25 13:30:00+00:00,2026-09-29T15:19:33.474638+00:00,forecast_run,utc_clock_at_save,f697f11d675a5e1f1bc2a9e8e03a156a4d8bed6a,False
2026,7,2026_07_SF_ATL,2026-10-25,Sunday,ATL,SF,SF,0.7255867416194159,High Confidence,False,0.2744132583805841,0.7255867416194159,-7.3,SF by 7.3,Pending,1442.511458190431,1605.5377659263631,-163.02630773593205,-108.02630773593205,0.3493609478894665,0.16666666666666666,0.16666666666666666,0.0,0.6666666666666667,No Upset Alert,2026-10-25 17:00:00+00:00,2026-09-29T15:19:33.474638+00:00,forecast_run,utc_clock_at_save,f697f11d675a5e1f1bc2a9e8e03a156a4d8bed6a,False
2026,7,2026_07_CIN_BAL,2026-10-25,Sunday,BAL,CIN,BAL,0.6385913030418882,Medium Confidence,False,0.6385913030418882,0.36140869695811184,5.1,BAL by 5.1,Pending,1587.7341383179694,1515.7361204617469,71.99801785622253,126.99801785622253,0.6750376980971058,0.16666666666666666,0.16666666666666666,0.0,0.0,No Upset Alert,2026-10-25 17:00:00+00:00,2026-09-29T15:19:33.474638+00:00,forecast_run,utc_clock_at_save,f697f11d675a5e1f1bc2a9e8e03a156a4d8bed6a,False
2026,7,2026_07_TB_CAR,2026-10-25,Sunday,CAR,TB,CAR,0.5712392008547095,Medium Confidence,False,0.5712392008547095,0.4287607991452905,0.4,CAR by 0.4,Pending,1374.3801339571867,1467.5329590681656,-93.15282511097894,-38.15282511097894,0.4453133134798487,0.16666666666666666,0.3333333333333333,-0.16666666666666666,-0.3333333333333333,No Upset Alert,2026-10-25 17:00:00+00:00,2026-09-29T15:19:33.474638+00:00,forecast_run,utc_clock_at_save,f697f11d675a5e1f1bc2a9e8e03a156a4d8bed6a,False
2026,7,2026_07_NYG_HOU,2026-10-25,Sunday,HOU,NYG,HOU,0.614469446684024,Medium Confidence,False,0.614469446684024,0.38553055331597597,2.3,HOU by 2.3,Pending,1529.324533241844,1369.8832529437325,159.44128029811145,214.44128029811145,0.7745918066592296,0.3333333333333333,0.0,0.3333333333333333,0.6666666666666666,No Upset Alert,2026-10-25 17:00:00+00:00,2026-09-29T15:19:33.474638+00:00,forecast_run,utc_clock_at_save,f697f11d675a5e1f1bc2a9e8e03a156a4d8bed6a,False
2026,7,2026_07_IND_MIN,2026-10-25,Sunday,MIN,IND,MIN,0.6395522806850656,Medium Confidence,False,0.6395522806850656,0.36044771931493436,5.4,MIN by 5.4,Pending,1598.5600238115144,1454.0759311781082,144.48409263340614,199.48409263340614,0.7592044261344216,0.3333333333333333,0.3333333333333333,0.0,-0.6666666666666667,No Upset Alert,2026-10-25 17:00:00+00:00,2026-09-29T15:19:33.474638+00:00,forecast_run,utc_clock_at_save,f697f11d675a5e1f1bc2a9e8e03a156a4d8bed6a,False
2026,7,2026_07_MIA_NYJ,2026-10-25,Sunday,NYJ,MIA,NYJ,0.6063555183064738,Medium Confidence,False,0.6063555183064738,0.39364448169352617,-0.9,MIA by 0.9,Pending,1337.7373006499781,1455.9974812744572,-118.26018062447906,-63.26018062447906,0.4099541619380758,0.16666666666666666,0.6666666666666666,-0.5,-0.3333333333333333,No Upset Alert,2026-10-25 17:00:00+00:00,2026-09-29T15:19:33.474638+00:00,forecast_run,utc_clock_at_save,f697f11d675a5e1f1bc2a9e8e03a156a4d8bed6a,False
2026,7,2026_07_CLE_TEN,2026-10-25,Sunday,TEN,CLE,CLE,0.6527421266937576,High Confidence,False,0.34725787330624236,0.6527421266937576,-2.7,CLE by 2.7,Pending,1308.2483759063814,1428.4410658821632,-120.19268997578183,-65.19268997578183,0.40726597751549143,0.5,0.16666666666666666,0.33333333333333337,0.6666666666666666,No Upset Alert,2026-10-25 17:00:00+00:00,2026-09-29T15:19:33.474638+00:00,forecast_run,utc_clock_at_save,f697f11d675a5e1f1bc2a9e8e03a156a4d8bed6a,False
2026,7,2026_07_DEN_ARI,2026-10-25,Sunday,ARI,DEN,DEN,0.6880337221503734,High Confidence,False,0.31196627784962666,0.6880337221503734,-3.9,DEN by 3.9,Pending,1364.8558028551092,1588.7390599118264,-223.88325705671718,-168.88325705671718,0.27444815161631386,0.6666666666666666,0.5,0.16666666666666663,0.3333333333333333,No Upset Alert,2026-10-25 20:05:00+00:00,2026-09-29T15:19:33.474638+00:00,forecast_run,utc_clock_at_save,f697f11d675a5e1f1bc2a9e8e03a156a4d8bed6a,False
2026,7,2026_07_GB_DET,2026-10-25,Sunday,DET,GB,DET,0.6859133780335105,High Confidence,False,0.6859133780335105,0.3140866219664895,6.9,DET by 6.9,Pending,1593.417249317599,1536.367947573771,57.04930174382798,112.04930174382798,0.6558845632307649,0.5,0.3333333333333333,0.16666666666666669,-0.3333333333333333,No Upset Alert,2026-10-25 20:25:00+00:00,2026-09-29T15:19:33.474638+00:00,forecast_run,utc_clock_at_save,f697f11d675a5e1f1bc2a9e8e03a156a4d8bed6a,False
2026,7,2026_07_LA_LV,2026-10-25,Sunday,LV,LA,LA,0.5954235524619285,Medium Confidence,False,0.4045764475380715,0.5954235524619285,-6.8,LA by 6.8,Pending,1393.9742392937735,1585.3854616526473,-191.41122235887383,-136.41122235887383,0.31319033045457173,0.16666666666666666,0.5,-0.33333333333333337,-0.6666666666666667,No Upset Alert,2026-10-25 20:25:00+00:00,2026-09-29T15:19:33.474638+00:00,forecast_run,utc_clock_at_save,f697f11d675a5e1f1bc2a9e8e03a156a4d8bed6a,False
2026,7,2026_07_KC_SEA,2026-10-25,Sunday,SEA,KC,SEA,0.5591705664701863,Low Confidence,False,0.5591705664701863,0.44082943352981374,2.6,SEA by 2.6,Pending,1640.094255860784,1628.9576582550462,11.136597605737734,66.13659760573773,0.5940450244344184,0.3333333333333333,0.0,0.3333333333333333,0.33333333333333337,No Upset Alert,2026-10-26 00:20:00+00:00,2026-09-29T15:19:33.474638+00:00,forecast_run,utc_clock_at_save,f697f11d675a5e1f1bc2a9e8e03a156a4d8bed6a,False
2026,7,2026_07_DAL_PHI,2026-10-26,Monday,PHI,DAL,PHI,0.5738131743084629,Medium Confidence,False,0.5738131743084629,0.4261868256915371,3.6,PHI by 3.6,Pending,1632.5519261459388,1485.1255024727714,147.4264236731674,202.4264236731674,0.7622871997621508,0.16666666666666666,0.16666666666666666,0.0,-0.3333333333333333,No Upset Alert,2026-10-27 00:15:00+00:00,2026-09-29T15:19:33.474638+00:00,forecast_run,utc_clock_at_save,f697f11d675a5e1f1bc2a9e8e03a156a4d8bed6a,False
2026,8,2026_08_CAR_GB,2026-10-29,Thursday,GB,CAR,GB,0.5740517236108474,Medium Confidence,False,0.5740517236108474,0.42594827638915256,0.7,GB by 0.7,Pending,1536.367947573771,1374.3801339571867,161.9878136165844,216.9878136165844,0.7771409559896525,0.3333333333333333,0.16666666666666666,0.16666666666666666,0.0,No Upset Alert,2026-10-30 00:15:00+00:00,2026-09-29T15:19:33.474638+00:00,forecast_run,utc_clock_at_save,f697f11d675a5e1f1bc2a9e8e03a156a4d8bed6a,False
2026,8,2026_08_BAL_BUF,2026-11-01,Sunday,BUF,BAL,BUF,0.6475731759025384,Medium Confidence,False,0.6475731759025384,0.3524268240974616,5.5,BUF by 5.5,Pending,1677.6647562478,1587.7341383179694,89.93061792983053,144.93061792983053,0.6972607776031472,0.3333333333333333,0.16666666666666666,0.16666666666666666,-0.33333333333333337,No Upset Alert,2026-11-01 18:00:00+00:00,2026-09-29T15:19:33.474638+00:00,forecast_run,utc_clock_at_save,f697f11d675a5e1f1bc2a9e8e03a156a4d8bed6a,False
2026,8,2026_08_TEN_CIN,2026-11-01,Sunday,CIN,TEN,CIN,0.8397261575869395,High Confidence,False,0.8397261575869395,0.16027384241306053,13.3,CIN by 13.3,Pending,1515.7361204617469,1308.2483759063814,207.48774455536545,262.48774455536545,0.8192094956603867,0.16666666666666666,0.5,-0.33333333333333337,-0.6666666666666666,No Upset Alert,2026-11-01 18:00:00+00:00,2026-09-29T15:19:33.474638+00:00,forecast_run,utc_clock_at_save,f697f11d675a5e1f1bc2a9e8e03a156a4d8bed6a,False
2026,8,2026_08_ARI_DAL,2026-11-01,Sunday,DAL,ARI,DAL,0.7779569052088028,High Confidence,False,0.7779569052088028,0.22204309479119722,9.2,DAL by 9.2,Pending,1485.1255024727714,1364.8558028551092,120.26969961766213,175.26969961766213,0.7328113804312998,0.16666666666666666,0.6666666666666666,-0.5,0.0,No Upset Alert,2026-11-01 18:00:00+00:00,2026-09-29T15:19:33.474638+00:00,forecast_run,utc_clock_at_save,f697f11d675a5e1f1bc2a9e8e03a156a4d8bed6a,False
2026,8,2026_08_MIN_DET,2026-11-01,Sunday,DET,MIN,DET,0.5725456556996603,Medium Confidence,False,0.5725456556996603,0.4274543443003397,-1.6,MIN by 1.6,Pending,1593.417249317599,1598.5600238115144,-5.14277449391534,49.85722550608466,0.5712618338864418,0.5,0.3333333333333333,0.16666666666666669,0.33333333333333337,No Upset Alert,2026-11-01 18:00:00+00:00,2026-09-29T15:19:33.474638+00:00,forecast_run,utc_clock_at_save,f697f11d675a5e1f1bc2a9e8e03a156a4d8bed6a,False
2026,8,2026_08_IND_JAX,2026-11-01,Sunday,JAX,IND,JAX,0.7001344110861059,High Confidence,False,0.7001344110861059,0.29986558891389414,6.1,JAX by 6.1,Pending,1499.1701805504435,1454.0759311781082,45.0942493723353,100.0942493723353,0.640189982332755,0.16666666666666666,0.3333333333333333,-0.16666666666666666,-0.3333333333333333,No Upset Alert,2026-11-01 18:00:00+00:00,2026-09-29T15:19:33.474638+00:00,forecast_run,utc_clock_at_save,f697f11d675a5e1f1bc2a9e8e03a156a4d8bed6a,False
2026,8,2026_08_LV_NYJ,2026-11-01,Sunday,NYJ,LV,LV,0.5613934791127733,Low Confidence,False,0.4386065208872268,0.5613934791127733,-2.3,LV by 2.3,Pending,1337.7373006499781,1393.9742392937735,-56.23693864379538,-1.2369386437953835,0.49821990971952607,0.16666666666666666,0.16666666666666666,0.0,0.6666666666666667,No Upset Alert,2026-11-01 18:00:00+00:00,2026-09-29T15:19:33.474638+00:00,forecast_run,utc_clock_at_save,f697f11d675a5e1f1bc2a9e8e03a156a4d8bed6a,False
2026,8,2026_08_CLE_PIT,2026-11-01,Sunday,PIT,CLE,PIT,0.6534089328161582,High Confidence,False,0.6534089328161582,0.3465910671838418,4.6,PIT by 4.6,Pending,1558.049876638942,1428.4410658821632,129.60881075677867,184.60881075677867,0.7432049857414801,0.3333333333333333,0.16666666666666666,0.16666666666666666,0.0,No Upset Alert,2026-11-01 18:00:00+00:00,2026-09-29T15:19:33.474638+00:00,forecast_run,utc_clock_at_save,f697f11d675a5e1f1bc2a9e8e03a156a4d8bed6a,False
2026,8,2026_08_ATL_TB,2026-11-01,Sunday,TB,ATL,TB,0.5527138953243985,Low Confidence,False,0.5527138953243985,0.4472861046756015,1.9,TB by 1.9,Pending,1467.5329590681656,1442.511458190431,25.021500877734525,80.02150087773452,0.6131661777565637,0.3333333333333333,0.16666666666666666,0.16666666666666666,0.3333333333333333,No Upset Alert,2026-11-01 18:00:00+00:00,2026-09-29T15:19:33.474638+00:00,forecast_run,utc_clock_at_save,f697f11d675a5e1f1bc2a9e8e03a156a4d8bed6a,False
2026,8,2026_08_LAC_LA,2026-11-01,Sunday,LA,LAC,LA,0.7546875470460892,High Confidence,False,0.7546875470460892,0.2453124529539108,10.2,LA by 10.2,Pending,1585.3854616526473,1498.947658305659,86.4378033469884,141.4378033469884,0.6929998281671158,0.5,0.6666666666666666,-0.16666666666666663,-0.3333333333333333,No Upset Alert,2026-11-01 21:05:00+00:00,2026-09-29T15:19:33.474638+00:00,forecast_run,utc_clock_at_save,f697f11d675a5e1f1bc2a9e8e03a156a4d8bed6a,False
2026,8,2026_08_KC_DEN,2026-11-01,Sunday,DEN,KC,KC,0.6193673869240147,Medium Confidence,False,0.3806326130759853,0.6193673869240147,-3.9,KC by 3.9,Pending,1588.7390599118264,1628.9576582550462,-40.21859834321981,14.78140165678019,0.5212593219126613,0.5,0.0,0.5,0.33333333333333337,No Upset Alert,2026-11-01 21:25:00+00:00,2026-09-29T15:19:33.474638+00:00,forecast_run,utc_clock_at_save,f697f11d675a5e1f1bc2a9e8e03a156a4d8bed6a,False
2026,8,2026_08_NE_MIA,2026-11-01,Sunday,MIA,NE,NE,0.6645064753769379,High Confidence,False,0.3354935246230622,0.6645064753769379,-4.8,NE by 4.8,Pending,1455.9974812744572,1530.887468810454,-74.88998753599685,-19.889987535996852,0.4714072361696226,0.6666666666666666,0.5,0.16666666666666663,0.3333333333333333,No Upset Alert,2026-11-01 21:25:00+00:00,2026-09-29T15:19:33.474638+00:00,forecast_run,utc_clock_at_save,f697f11d675a5e1f1bc2a9e8e03a156a4d8bed6a,False
2026,8,2026_08_PHI_WAS,2026-11-01,Sunday,WAS,PHI,PHI,0.6086853852894516,Medium Confidence,False,0.3913146147105484,0.6086853852894516,-2.3,PHI by 2.3,Pending,1459.3933893811163,1632.5519261459388,-173.15853676482243,-118.15853676482243,0.3362221978995361,0.3333333333333333,0.16666666666666666,0.16666666666666666,0.3333333333333333,No Upset Alert,2026-11-02 01:20:00+00:00,2026-09-29T15:19:33.474638+00:00,forecast_run,utc_clock_at_save,f697f11d675a5e1f1bc2a9e8e03a156a4d8bed6a,False
2026,8,2026_08_CHI_SEA,2026-11-02,Monday,SEA,CHI,SEA,0.7122579670866759,High Confidence,False,0.7122579670866759,0.2877420329133241,6.5,SEA by 6.5,Pending,1640.094255860784,1492.733323034646,147.36093282613797,202.36093282613797,0.7622188793558318,0.3333333333333333,0.6666666666666666,-0.3333333333333333,0.0,No Upset Alert,2026-11-03 01:15:00+00:00,2026-09-29T15:19:33.474638+00:00,forecast_run,utc_clock_at_save,f697f11d675a5e1f1bc2a9e8e03a156a4d8bed6a,False
2026,9,2026_09_JAX_BAL,2026-11-05,Thursday,BAL,JAX,BAL,0.5338513151443021,Low Confidence,False,0.5338513151443021,0.46614868485569794,-1.2,JAX by 1.2,Pending,1587.7341383179694,1499.1701805504435,88.56395776752584,143.56395776752584,0.6955975472171737,0.16666666666666666,0.16666666666666666,0.0,0.0,No Upset Alert,2026-11-06 01:15:00+00:00,2026-09-29T15:19:33.474638+00:00,forecast_run,utc_clock_at_save,f697f11d675a5e1f1bc2a9e8e03a156a4d8bed6a,False
2026,9,2026_09_CIN_ATL,2026-11-08,Sunday,ATL,CIN,CIN,0.5858142311216838,Medium Confidence,False,0.4141857688783161,0.5858142311216838,-3.7,CIN by 3.7,Pending,1442.511458190431,1515.7361204617469,-73.22466227131576,-18.224662271315765,0.4737966312027104,0.16666666666666666,0.16666666666666666,0.0,0.3333333333333333,No Upset Alert,2026-11-08 14:30:00+00:00,2026-09-29T15:19:33.474638+00:00,forecast_run,utc_clock_at_save,f697f11d675a5e1f1bc2a9e8e03a156a4d8bed6a,False
2026,9,2026_09_DEN_CAR,2026-11-08,Sunday,CAR,DEN,DEN,0.5429933757630618,Low Confidence,False,0.4570066242369381,0.5429933757630618,-0.2,DEN by 0.2,Pending,1374.3801339571867,1588.7390599118264,-214.35892595463974,-159.35892595463974,0.2854994390136514,0.16666666666666666,0.5,-0.33333333333333337,0.3333333333333333,No Upset Alert,2026-11-08 18:00:00+00:00,2026-09-29T15:19:33.474638+00:00,forecast_run,utc_clock_at_save,f697f11d675a5e1f1bc2a9e8e03a156a4d8bed6a,False
2026,9,2026_09_DAL_IND,2026-11-08,Sunday,IND,DAL,DAL,0.5072386901719355,Toss-Up,False,0.4927613098280645,0.5072386901719355,0.6,IND by 0.6,Pending,1454.0759311781082,1485.1255024727714,-31.04957129466311,23.95042870533689,0.5344129445291876,0.3333333333333333,0.16666666666666666,0.16666666666666666,0.0,No Upset Alert,2026-11-08 18:00:00+00:00,2026-09-29T15:19:33.474638+00:00,forecast_run,utc_clock_at_save,f697f11d675a5e1f1bc2a9e8e03a156a4d8bed6a,False
2026,9,2026_09_NYJ_KC,2026-11-08,Sunday,KC,NYJ,KC,0.841104241223804,High Confidence,False,0.841104241223804,0.158895758776196,9.2,KC by 9.2,Pending,1628.9576582550462,1337.7373006499781,291.2203576050681,346.2203576050681,0.8800606456278175,0.0,0.16666666666666666,-0.16666666666666666,-0.6666666666666667,No Upset Alert,2026-11-08 18:00:00+00:00,2026-09-29T15:19:33.474638+00:00,forecast_run,utc_clock_at_save,f697f11d675a5e1f1bc2a9e8e03a156a4d8bed6a,False
2026,9,2026_09_DET_MIA,2026-11-08,Sunday,MIA,DET,DET,0.7682155132083641,High Confidence,False,0.23178448679163594,0.7682155132083641,-7.5,DET by 7.5,Pending,1455.9974812744572,1593.417249317599,-137.41976804314186,-82.41976804314186,0.383564399911364,0.6666666666666666,0.5,0.16666666666666663,0.6666666666666666,No Upset Alert,2026-11-08 18:00:00+00:00,2026-09-29T15:19:33.474638+00:00,forecast_run,utc_clock_at_save,f697f11d675a5e1f1bc2a9e8e03a156a4d8bed6a,False
2026,9,2026_09_CLE_NO,2026-11-08,Sunday,NO,CLE,NO,0.5226640773598988,Toss-Up,True,0.5226640773598988,0.47733592264010116,2.8,NO by 2.8,Pending,1416.5980440907922,1428.4410658821632,-11.84302179137103,43.15697820862897,0.5617904110383551,0.6666666666666666,0.16666666666666666,0.5,0.3333333333333333,Upset Alert,2026-11-08 18:00:00+00:00,2026-09-29T15:19:33.474638+00:00,forecast_run,utc_clock_at_save,f697f11d675a5e1f1bc2a9e8e03a156a4d8bed6a,False
2026,9,2026_09_NYG_PHI,2026-11-08,Sunday,PHI,NYG,PHI,0.6891382921474594,High Confidence,False,0.6891382921474594,0.31086170785254064,3.4,PHI by 3.4,Pending,1632.5519261459388,1369.8832529437325,262.66867320220626,317.66867320220626,0.861600571889154,0.16666666666666666,0.0,0.16666666666666666,0.0,No Upset Alert,2026-11-08 18:00:00+00:00,2026-09-29T15:19:33.474638+00:00,forecast_run,utc_clock_at_save,f697f11d675a5e1f1bc2a9e8e03a156a4d8bed6a,False
2026,9,2026_09_LA_WAS,2026-11-08,Sunday,WAS,LA,LA,0.6125699811621952,Medium Confidence,False,0.38743001883780487,0.6125699811621952,-5.5,LA by 5.5,Pending,1459.3933893811163,1585.3854616526473,-125.99207227153101,-70.99207227153101,0.39923269959116753,0.3333333333333333,0.5,-0.16666666666666669,0.0,No Upset Alert,2026-11-08 18:00:00+00:00,2026-09-29T15:19:33.474638+00:00,forecast_run,utc_clock_at_save,f697f11d675a5e1f1bc2a9e8e03a156a4d8bed6a,False
2026,9,2026_09_HOU_LAC,2026-11-08,Sunday,LAC,HOU,HOU,0.5898268144023568,Medium Confidence,False,0.4101731855976432,0.5898268144023568,-3.4,HOU by 3.4,Pending,1498.947658305659,1529.324533241844,-30.376874936185004,24.623125063814996,0.5353763169915675,0.6666666666666666,0.3333333333333333,0.3333333333333333,0.0,No Upset Alert,2026-11-08 21:05:00+00:00,2026-09-29T15:19:33.474638+00:00,forecast_run,utc_clock_at_save,f697f11d675a5e1f1bc2a9e8e03a156a4d8bed6a,False
2026,9,2026_09_LV_SF,2026-11-08,Sunday,SF,LV,SF,0.777931630674072,High Confidence,False,0.777931630674072,0.222068369325928,8.8,SF by 8.8,Pending,1605.5377659263631,1393.9742392937735,211.56352663258963,266.5635266325896,0.8226583672246368,0.16666666666666666,0.16666666666666666,0.0,0.0,No Upset Alert,2026-11-08 21:05:00+00:00,2026-09-29T15:19:33.474638+00:00,forecast_run,utc_clock_at_save,f697f11d675a5e1f1bc2a9e8e03a156a4d8bed6a,False
2026,9,2026_09_GB_NE,2026-11-08,Sunday,NE,GB,NE,0.5664637436819485,Low Confidence,False,0.5664637436819485,0.4335362563180515,3.2,NE by 3.2,Pending,1530.887468810454,1536.367947573771,-5.4804787633170235,49.51952123668298,0.5707856445835229,0.5,0.3333333333333333,0.16666666666666669,0.0,No Upset Alert,2026-11-08 21:25:00+00:00,2026-09-29T15:19:33.474638+00:00,forecast_run,utc_clock_at_save,f697f11d675a5e1f1bc2a9e8e03a156a4d8bed6a,False
2026,9,2026_09_ARI_SEA,2026-11-08,Sunday,SEA,ARI,SEA,0.8668027649235422,High Confidence,False,0.8668027649235422,0.13319723507645775,11.0,SEA by 11.0,Pending,1640.094255860784,1364.8558028551092,275.2384530056747,330.2384530056747,0.8700052688273625,0.3333333333333333,0.6666666666666666,-0.3333333333333333,-0.3333333333333333,No Upset Alert,2026-11-08 21:25:00+00:00,2026-09-29T15:19:33.474638+00:00,forecast_run,utc_clock_at_save,f697f11d675a5e1f1bc2a9e8e03a156a4d8bed6a,False
2026,9,2026_09_TB_CHI,2026-11-08,Sunday,CHI,TB,CHI,0.6605038584029111,High Confidence,False,0.6605038584029111,0.33949614159708885,4.7,CHI by 4.7,Pending,1492.733323034646,1467.5329590681656,25.20036396648038,80.20036396648038,0.6134103680603579,0.6666666666666666,0.3333333333333333,0.3333333333333333,-0.6666666666666666,No Upset Alert,2026-11-09 01:20:00+00:00,2026-09-29T15:19:33.474638+00:00,forecast_run,utc_clock_at_save,f697f11d675a5e1f1bc2a9e8e03a156a4d8bed6a,False
2026,9,2026_09_BUF_MIN,2026-11-09,Monday,MIN,BUF,BUF,0.604925357466734,Medium Confidence,False,0.39507464253326596,0.604925357466734,-2.2,BUF by 2.2,Pending,1598.5600238115144,1677.6647562478,-79.10473243628553,-24.10473243628553,0.4653660532248053,0.3333333333333333,0.3333333333333333,0.0,0.0,No Upset Alert,2026-11-10 01:15:00+00:00,2026-09-29T15:19:33.474638+00:00,forecast_run,utc_clock_at_save,f697f11d675a5e1f1bc2a9e8e03a156a4d8bed6a,False
2026,10,2026_10_WAS_NYG,2026-11-12,Thursday,NYG,WAS,NYG,0.5496479141981009,Low Confidence,False,0.5496479141981009,0.4503520858018991,-1.2,WAS by 1.2,Pending,1369.8832529437325,1459.3933893811163,-89.51013643738384,-34.510136437383835,0.4504986093897915,0.0,0.3333333333333333,-0.3333333333333333,-0.3333333333333333,No Upset Alert,2026-11-13 01:15:00+00:00,2026-09-29T15:19:33.474638+00:00,forecast_run,utc_clock_at_save,f697f11d675a5e1f1bc2a9e8e03a156a4d8bed6a,False
2026,10,2026_10_NE_DET,2026-11-15,Sunday,DET,NE,DET,0.6704765954569285,High Confidence,False,0.6704765954569285,0.3295234045430715,2.6,DET by 2.6,Pending,1593.417249317599,1530.887468810454,62.529780507145006,117.529780507145,0.6629695549762016,0.5,0.5,0.0,-0.3333333333333333,No Upset Alert,2026-11-15 14:30:00+00:00,2026-09-29T15:19:33.474638+00:00,forecast_run,utc_clock_at_save,f697f11d675a5e1f1bc2a9e8e03a156a4d8bed6a,False
2026,10,2026_10_KC_ATL,2026-11-15,Sunday,ATL,KC,KC,0.7239262897662457,High Confidence,False,0.27607371023375427,0.7239262897662457,-7.8,KC by 7.8,Pending,1442.511458190431,1628.9576582550462,-186.44620006461514,-131.44620006461514,0.31937073528407295,0.16666666666666666,0.0,0.16666666666666666,0.6666666666666667,No Upset Alert,2026-11-15 18:00:00+00:00,2026-09-29T15:19:33.474638+00:00,forecast_run,utc_clock_at_save,f697f11d675a5e1f1bc2a9e8e03a156a4d8bed6a,False
2026,10,2026_10_HOU_CLE,2026-11-15,Sunday,CLE,HOU,HOU,0.5548180228483207,Low Confidence,False,0.4451819771516793,0.5548180228483207,-5.9,HOU by 5.9,Pending,1428.4410658821632,1529.324533241844,-100.88346735968071,-45.88346735968071,0.43434960241781045,0.16666666666666666,0.3333333333333333,-0.16666666666666666,-0.6666666666666666,No Upset Alert,2026-11-15 18:00:00+00:00,2026-09-29T15:19:33.474638+00:00,forecast_run,utc_clock_at_save,f697f11d675a5e1f1bc2a9e8e03a156a4d8bed6a,False
2026,10,2026_10_MIN_GB,2026-11-15,Sunday,GB,MIN,MIN,0.5728972504405607,Medium Confidence,False,0.4271027495594393,0.5728972504405607,-2.8,MIN by 2.8,Pending,1536.367947573771,1598.5600238115144,-62.19207623774332,-7.192076237743322,0.4896512484276322,0.3333333333333333,0.3333333333333333,0.0,0.6666666666666667,No Upset Alert,2026-11-15 18:00:00+00:00,2026-09-29T15:19:33.474638+00:00,forecast_run,utc_clock_at_save,f697f11d675a5e1f1bc2a9e8e03a156a4d8bed6a,False
2026,10,2026_10_MIA_IND,2026-11-15,Sunday,IND,MIA,IND,0.7521487722286335,High Confidence,False,0.7521487722286335,0.24785122777136648,8.1,IND by 8.1,Pending,1454.0759311781082,1455.9974812744572,-1.9215500963489376,53.07844990365106,0.5757972601283556,0.3333333333333333,0.6666666666666666,-0.3333333333333333,-0.3333333333333333,No Upset Alert,2026-11-15 18:00:00+00:00,2026-09-29T15:19:33.474638+00:00,forecast_run,utc_clock_at_save,f697f11d675a5e1f1bc2a9e8e03a156a4d8bed6a,False
2026,10,2026_10_CAR_NO,2026-11-15,Sunday,NO,CAR,CAR,0.5316424816611085,Low Confidence,False,0.46835751833889155,0.5316424816611085,0.9,NO by 0.9,Pending,1416.5980440907922,1374.3801339571867,42.21791013360553,97.21791013360553,0.6363672205131358,0.6666666666666666,0.16666666666666666,0.5,0.0,No Upset Alert,2026-11-15 18:00:00+00:00,2026-09-29T15:19:33.474638+00:00,forecast_run,utc_clock_at_save,f697f11d675a5e1f1bc2a9e8e03a156a4d8bed6a,False
2026,10,2026_10_BUF_NYJ,2026-11-15,Sunday,NYJ,BUF,BUF,0.8118208815672374,High Confidence,False,0.18817911843276258,0.8118208815672374,-4.6,BUF by 4.6,Pending,1337.7373006499781,1677.6647562478,-339.9274555978218,-284.9274555978218,0.1624413497201182,0.16666666666666666,0.3333333333333333,-0.16666666666666666,0.6666666666666667,No Upset Alert,2026-11-15 18:00:00+00:00,2026-09-29T15:19:33.474638+00:00,forecast_run,utc_clock_at_save,f697f11d675a5e1f1bc2a9e8e03a156a4d8bed6a,False
2026,10,2026_10_JAX_TEN,2026-11-15,Sunday,TEN,JAX,JAX,0.8474821747955078,High Confidence,False,0.1525178252044922,0.8474821747955078,-8.5,JAX by 8.5,Pending,1308.2483759063814,1499.1701805504435,-190.92180464406215,-135.92180464406215,0.3137966596365836,0.5,0.16666666666666666,0.33333333333333337,0.6666666666666666,No Upset Alert,2026-11-15 18:00:00+00:00,2026-09-29T15:19:33.474638+00:00,forecast_run,utc_clock_at_save,f697f11d675a5e1f1bc2a9e8e03a156a4d8bed6a,False
2026,10,2026_10_LA_ARI,2026-11-15,Sunday,ARI,LA,LA,0.7285778906545595,High Confidence,False,0.2714221093454405,0.7285778906545595,-7.4,LA by 7.4,Pending,1364.8558028551092,1585.3854616526473,-220.5296587975381,-165.5296587975381,0.2783089498358539,0.6666666666666666,0.5,0.16666666666666663,0.0,No Upset Alert,2026-11-15 21:05:00+00:00,2026-09-29T15:19:33.474638+00:00,forecast_run,utc_clock_at_save,f697f11d675a5e1f1bc2a9e8e03a156a4d8bed6a,False
2026,10,2026_10_SEA_LV,2026-11-15,Sunday,LV,SEA,SEA,0.7127908382121446,High Confidence,False,0.28720916178785544,0.7127908382121446,-7.7,SEA by 7.7,Pending,1393.9742392937735,1640.094255860784,-246.12001656701045,-191.12001656701045,0.2497070587490845,0.16666666666666666,0.3333333333333333,-0.16666666666666666,-0.33333333333333337,No Upset Alert,2026-11-15 21:05:00+00:00,2026-09-29T15:19:33.474638+00:00,forecast_run,utc_clock_at_save,f697f11d675a5e1f1bc2a9e8e03a156a4d8bed6a,False
2026,10,2026_10_SF_DAL,2026-11-15,Sunday,DAL,SF,SF,0.6044227091634269,Medium Confidence,False,0.39557729083657317,0.6044227091634269,-4.1,SF by 4.1,Pending,1485.1255024727714,1605.5377659263631,-120.41226345359178,-65.41226345359178,0.4069608912858941,0.16666666666666666,0.16666666666666666,0.0,0.6666666666666667,No Upset Alert,2026-11-15 21:25:00+00:00,2026-09-29T15:19:33.474638+00:00,forecast_run,utc_clock_at_save,f697f11d675a5e1f1bc2a9e8e03a156a4d8bed6a,False
2026,10,2026_10_PIT_CIN,2026-11-15,Sunday,CIN,PIT,CIN,0.6001293565784264,Medium Confidence,False,0.6001293565784264,0.39987064342157363,3.7,CIN by 3.7,Pending,1515.7361204617469,1558.049876638942,-42.313756177195046,12.686243822804954,0.5182488629566978,0.16666666666666666,0.3333333333333333,-0.16666666666666666,0.0,No Upset Alert,2026-11-16 01:20:00+00:00,2026-09-29T15:19:33.474638+00:00,forecast_run,utc_clock_at_save,f697f11d675a5e1f1bc2a9e8e03a156a4d8bed6a,False
2026,10,2026_10_LAC_BAL,2026-11-16,Monday,BAL,LAC,BAL,0.7967222151345064,High Confidence,False,0.7967222151345064,0.20327778486549364,10.3,BAL by 10.3,Pending,1587.7341383179694,1498.947658305659,88.78648001231045,143.78648001231045,0.695868707739314,0.16666666666666666,0.6666666666666666,-0.5,-0.6666666666666666,No Upset Alert,2026-11-17 01:15:00+00:00,2026-09-29T15:19:33.474638+00:00,forecast_run,utc_clock_at_save,f697f11d675a5e1f1bc2a9e8e03a156a4d8bed6a,False
2026,11,2026_11_IND_HOU,2026-11-19,Thursday,HOU,IND,HOU,0.5439257548014489,Low Confidence,False,0.5439257548014489,0.4560742451985511,3.3,HOU by 3.3,Pending,1529.324533241844,1454.0759311781082,75.24860206373569,130.2486020637357,0.679128847929974,0.3333333333333333,0.3333333333333333,0.0,0.3333333333333333,No Upset Alert,2026-11-20 01:15:00+00:00,2026-09-29T15:19:33.474638+00:00,forecast_run,utc_clock_at_save,f697f11d675a5e1f1bc2a9e8e03a156a4d8bed6a,False
2026,11,2026_11_MIA_BUF,2026-11-22,Sunday,BUF,MIA,BUF,0.8902209470205633,High Confidence,False,0.8902209470205633,0.10977905297943669,14.4,BUF by 14.4,Pending,1677.6647562478,1455.9974812744572,221.66727497334273,276.6672749733427,0.8309850817289102,0.3333333333333333,0.6666666666666666,-0.3333333333333333,-1.0,No Upset Alert,2026-11-22 18:00:00+00:00,2026-09-29T15:19:33.474638+00:00,forecast_run,utc_clock_at_save,f697f11d675a5e1f1bc2a9e8e03a156a4d8bed6a,False
2026,11,2026_11_BAL_CAR,2026-11-22,Sunday,CAR,BAL,BAL,0.6481588783266301,Medium Confidence,False,0.35184112167336984,0.6481588783266301,-3.1,BAL by 3.1,Pending,1374.3801339571867,1587.7341383179694,-213.3540043607827,-158.3540043607827,0.28668093900238556,0.16666666666666666,0.16666666666666666,0.0,0.3333333333333333,No Upset Alert,2026-11-22 18:00:00+00:00,2026-09-29T15:19:33.474638+00:00,forecast_run,utc_clock_at_save,f697f11d675a5e1f1bc2a9e8e03a156a4d8bed6a,False
2026,11,2026_11_NO_CHI,2026-11-22,Sunday,CHI,NO,CHI,0.7100580981209512,High Confidence,False,0.7100580981209512,0.2899419018790488,8.8,CHI by 8.8,Pending,1492.733323034646,1416.5980440907922,76.13527894385379,131.1352789438538,0.6802400834120582,0.6666666666666666,0.6666666666666666,0.0,-0.3333333333333333,No Upset Alert,2026-11-22 18:00:00+00:00,2026-09-29T15:19:33.474638+00:00,forecast_run,utc_clock_at_save,f697f11d675a5e1f1bc2a9e8e03a156a4d8bed6a,False
2026,11,2026_11_TEN_DAL,2026-11-22,Sunday,DAL,TEN,DAL,0.8414851643779168,High Confidence,False,0.8414851643779168,0.15851483562208324,13.5,DAL by 13.5,Pending,1485.1255024727714,1308.2483759063814,176.87712656638996,231.87712656638996,0.791632189273092,0.16666666666666666,0.5,-0.33333333333333337,-0.3333333333333333,No Upset Alert,2026-11-22 18:00:00+00:00,2026-09-29T15:19:33.474638+00:00,forecast_run,utc_clock_at_save,f697f11d675a5e1f1bc2a9e8e03a156a4d8bed6a,False
2026,11,2026_11_TB_DET,2026-11-22,Sunday,DET,TB,DET,0.7271212741971891,High Confidence,False,0.7271212741971891,0.2728787258028109,6.9,DET by 6.9,Pending,1593.417249317599,1467.5329590681656,125.88429024943343,180.88429024943343,0.7390918312148721,0.5,0.3333333333333333,0.16666666666666669,-0.6666666666666666,No Upset Alert,2026-11-22 18:00:00+00:00,2026-09-29T15:19:33.474638+00:00,forecast_run,utc_clock_at_save,f697f11d675a5e1f1bc2a9e8e03a156a4d8bed6a,False
2026,11,2026_11_ARI_KC,2026-11-22,Sunday,KC,ARI,KC,0.8624309436139118,High Confidence,False,0.8624309436139118,0.13756905638608818,4.3,KC by 4.3,Pending,1628.9576582550462,1364.8558028551092,264.101855399937,319.101855399937,0.8625814188491697,0.0,0.6666666666666666,-0.6666666666666666,-0.6666666666666667,No Upset Alert,2026-11-22 18:00:00+00:00,2026-09-29T15:19:33.474638+00:00,forecast_run,utc_clock_at_save,f697f11d675a5e1f1bc2a9e8e03a156a4d8bed6a,False
2026,11,2026_11_JAX_NYG,2026-11-22,Sunday,NYG,JAX,JAX,0.6803554495036435,High Confidence,False,0.3196445504963565,0.6803554495036435,-6.6,JAX by 6.6,Pending,1369.8832529437325,1499.1701805504435,-129.28692760671106,-74.28692760671106,0.39469242411668254,0.0,0.16666666666666666,-0.16666666666666666,0.0,No Upset Alert,2026-11-22 18:00:00+00:00,2026-09-29T15:19:33.474638+00:00,forecast_run,utc_clock_at_save,f697f11d675a5e1f1bc2a9e8e03a156a4d8bed6a,False
2026,11,2026_11_NYJ_LAC,2026-11-22,Sunday,LAC,NYJ,LAC,0.5703090013631384,Medium Confidence,True,0.5703090013631384,0.42969099863686155,1.1,LAC by 1.1,Pending,1498.947658305659,1337.7373006499781,161.2103576556808,216.2103576556808,0.7763648879002855,0.6666666666666666,0.16666666666666666,0.5,0.3333333333333333,Upset Alert,2026-11-22 21:05:00+00:00,2026-09-29T15:19:33.474638+00:00,forecast_run,utc_clock_at_save,f697f11d675a5e1f1bc2a9e8e03a156a4d8bed6a,False
2026,11,2026_11_LV_DEN,2026-11-22,Sunday,DEN,LV,DEN,0.6380567853018378,Medium Confidence,False,0.6380567853018378,0.36194321469816215,1.9,DEN by 1.9,Pending,1588.7390599118264,1393.9742392937735,194.7648206180529,249.7648206180529,0.808107826722794,0.5,0.16666666666666666,0.33333333333333337,0.33333333333333337,No Upset Alert,2026-11-22 21:25:00+00:00,2026-09-29T15:19:33.474638+00:00,forecast_run,utc_clock_at_save,f697f11d675a5e1f1bc2a9e8e03a156a4d8bed6a,False
2026,11,2026_11_PIT_PHI,2026-11-22,Sunday,PHI,PIT,PHI,0.6274263085589796,Medium Confidence,False,0.6274263085589796,0.37257369144102037,3.5,PHI by 3.5,Pending,1632.5519261459388,1558.049876638942,74.50204950699685,129.50204950699685,0.6781916469815005,0.16666666666666666,0.3333333333333333,-0.16666666666666666,0.0,No Upset Alert,2026-11-22 21:25:00+00:00,2026-09-29T15:19:33.474638+00:00,forecast_run,utc_clock_at_save,f697f11d675a5e1f1bc2a9e8e03a156a4d8bed6a,False
2026,11,2026_11_MIN_SF,2026-11-22,Sunday,SF,MIN,SF,0.6584845487543499,High Confidence,False,0.6584845487543499,0.3415154512456501,5.5,SF by 5.5,Pending,1605.5377659263631,1598.5600238115144,6.977742114848752,61.97774211484875,0.5882589386033377,0.16666666666666666,0.3333333333333333,-0.16666666666666666,0.0,No Upset Alert,2026-11-23 01:20:00+00:00,2026-09-29T15:19:33.474638+00:00,forecast_run,utc_clock_at_save,f697f11d675a5e1f1bc2a9e8e03a156a4d8bed6a,False
2026,11,2026_11_CIN_WAS,2026-11-23,Monday,WAS,CIN,CIN,0.5807340128902577,Medium Confidence,False,0.4192659871097423,0.5807340128902577,-2.6,CIN by 2.6,Pending,1459.3933893811163,1515.7361204617469,-56.34273108063053,-1.3427310806305286,0.49806766426398946,0.3333333333333333,0.16666666666666666,0.16666666666666666,0.3333333333333333,No Upset Alert,2026-11-24 01:15:00+00:00,2026-09-29T15:19:33.474638+00:00,forecast_run,utc_clock_at_save,f697f11d675a5e1f1bc2a9e8e03a156a4d8bed6a,False
2026,12,2026_12_GB_LA,2026-11-25,Wednesday,LA,GB,LA,0.6572927196486784,High Confidence,False,0.6572927196486784,0.3427072803513216,5.1,LA by 5.1,Pending,1585.3854616526473,1536.367947573771,49.017514078876275,104.01751407887627,0.6453755248470301,0.5,0.3333333333333333,0.16666666666666669,0.0,No Upset Alert,2026-11-26 01:00:00+00:00,2026-09-29T15:19:33.474638+00:00,forecast_run,utc_clock_at_save,f697f11d675a5e1f1bc2a9e8e03a156a4d8bed6a,False
2026,12,2026_12_CHI_DET,2026-11-26,Thursday,DET,CHI,DET,0.6257566028478222,Medium Confidence,False,0.6257566028478222,0.3742433971521778,-0.7,CHI by 0.7,Pending,1593.417249317599,1492.733323034646,100.68392628295305,155.68392628295305,0.710165654095188,0.5,0.6666666666666666,-0.16666666666666663,0.0,No Upset Alert,2026-11-26 18:00:00+00:00,2026-09-29T15:19:33.474638+00:00,forecast_run,utc_clock_at_save,f697f11d675a5e1f1bc2a9e8e03a156a4d8bed6a,False
2026,12,2026_12_PHI_DAL,2026-11-26,Thursday,DAL,PHI,DAL,0.5214708779590181,Toss-Up,True,0.5214708779590181,0.47852912204098186,2.6,DAL by 2.6,Pending,1485.1255024727714,1632.5519261459388,-147.4264236731674,-92.42642367316739,0.3700390568432355,0.16666666666666666,0.16666666666666666,0.0,0.3333333333333333,Upset Alert,2026-11-26 21:30:00+00:00,2026-09-29T15:19:33.474638+00:00,forecast_run,utc_clock_at_save,f697f11d675a5e1f1bc2a9e8e03a156a4d8bed6a,False
2026,12,2026_12_KC_BUF,2026-11-26,Thursday,BUF,KC,BUF,0.5904293724283708,Medium Confidence,False,0.5904293724283708,0.4095706275716292,1.8,BUF by 1.8,Pending,1677.6647562478,1628.9576582550462,48.70709799275369,103.70709799275369,0.6449664584272299,0.3333333333333333,0.0,0.3333333333333333,0.0,No Upset Alert,2026-11-27 01:20:00+00:00,2026-09-29T15:19:33.474638+00:00,forecast_run,utc_clock_at_save,f697f11d675a5e1f1bc2a9e8e03a156a4d8bed6a,False
2026,12,2026_12_DEN_PIT,2026-11-27,Friday,PIT,DEN,PIT,0.5128925425050403,Toss-Up,False,0.5128925425050403,0.48710745749495965,-0.4,DEN by 0.4,Pending,1558.049876638942,1588.7390599118264,-30.68918327288452,24.31081672711548,0.5349290907501582,0.3333333333333333,0.5,-0.16666666666666669,0.0,No Upset Alert,2026-11-27 20:00:00+00:00,2026-09-29T15:19:33.474638+00:00,forecast_run,utc_clock_at_save,f697f11d675a5e1f1bc2a9e8e03a156a4d8bed6a,False
2026,12,2026_12_NO_CIN,2026-11-29,Sunday,CIN,NO,CIN,0.7217293704814189,High Confidence,False,0.7217293704814189,0.27827062951858106,6.5,CIN by 6.5,Pending,1515.7361204617469,1416.5980440907922,99.13807637095465,154.13807637095465,0.7083306263415128,0.16666666666666666,0.6666666666666666,-0.5,-0.3333333333333333,No Upset Alert,2026-11-29 18:00:00+00:00,2026-09-29T15:19:33.474638+00:00,forecast_run,utc_clock_at_save,f697f11d675a5e1f1bc2a9e8e03a156a4d8bed6a,False
2026,12,2026_12_LV_CLE,2026-11-29,Sunday,CLE,LV,LV,0.5010835583398862,Toss-Up,False,0.49891644166011384,0.5010835583398862,-1.6,LV by 1.6,Pending,1428.4410658821632,1393.9742392937735,34.46682658838972,89.46682658838972,0.6259807733893349,0.16666666666666666,0.16666666666666666,0.0,0.33333333333333337,No Upset Alert,2026-11-29 18:00:00+00:00,2026-09-29T15:19:33.474638+00:00,forecast_run,utc_clock_at_save,f697f11d675a5e1f1bc2a9e8e03a156a4d8bed6a,False
2026,12,2026_12_BAL_HOU,2026-11-29,Sunday,HOU,BAL,BAL,0.602456103309339,Medium Confidence,False,0.397543896690661,0.602456103309339,-1.9,BAL by 1.9,Pending,1529.324533241844,1587.7341383179694,-58.409605076125445,-3.4096050761254446,0.4950933413764963,0.3333333333333333,0.16666666666666666,0.16666666666666666,0.6666666666666666,No Upset Alert,2026-11-29 18:00:00+00:00,2026-09-29T15:19:33.474638+00:00,forecast_run,utc_clock_at_save,f697f11d675a5e1f1bc2a9e8e03a156a4d8bed6a,False
2026,12,2026_12_NYG_IND,2026-11-29,Sunday,IND,NYG,IND,0.6210299317783344,Medium Confidence,False,0.6210299317783344,0.37897006822166557,2.6,IND by 2.6,Pending,1454.0759311781082,1369.8832529437325,84.19267823437576,139.19267823437576,0.6902434007841852,0.3333333333333333,0.0,0.3333333333333333,0.3333333333333333,No Upset Alert,2026-11-29 18:00:00+00:00,2026-09-29T15:19:33.474638+00:00,forecast_run,utc_clock_at_save,f697f11d675a5e1f1bc2a9e8e03a156a4d8bed6a,False
2026,12,2026_12_NYJ_MIA,2026-11-29,Sunday,MIA,NYJ,NYJ,0.5112872662336825,Toss-Up,False,0.48871273376631746,0.5112872662336825,-3.0,NYJ by 3.0,Pending,1455.9974812744572,1337.7373006499781,118.26018062447906,173.26018062447906,0.730540342995308,0.6666666666666666,0.16666666666666666,0.5,0.3333333333333333,No Upset Alert,2026-11-29 18:00:00+00:00,2026-09-29T15:19:33.474638+00:00,forecast_run,utc_clock_at_save,f697f11d675a5e1f1bc2a9e8e03a156a4d8bed6a,False
2026,12,2026_12_ATL_MIN,2026-11-29,Sunday,MIN,ATL,MIN,0.7099725515957744,High Confidence,False,0.7099725515957744,0.29002744840422556,7.2,MIN by 7.2,Pending,1598.5600238115144,1442.511458190431,156.0485656210833,211.0485656210833,0.7711635995572408,0.3333333333333333,0.16666666666666666,0.16666666666666666,-0.6666666666666667,No Upset Alert,2026-11-29 18:00:00+00:00,2026-09-29T15:19:33.474638+00:00,forecast_run,utc_clock_at_save,f697f11d675a5e1f1bc2a9e8e03a156a4d8bed6a,False
2026,12,2026_12_TEN_JAX,2026-11-29,Sunday,JAX,TEN,JAX,0.8901629494093349,High Confidence,False,0.8901629494093349,0.10983705059066506,14.1,JAX by 14.1,Pending,1499.1701805504435,1308.2483759063814,190.92180464406215,245.92180464406215,0.8046539492924831,0.16666666666666666,0.5,-0.33333333333333337,-0.6666666666666666,No Upset Alert,2026-11-29 21:05:00+00:00,2026-09-29T15:19:33.474638+00:00,forecast_run,utc_clock_at_save,f697f11d675a5e1f1bc2a9e8e03a156a4d8bed6a,False
2026,12,2026_12_WAS_ARI,2026-11-29,Sunday,ARI,WAS,WAS,0.583807062484516,Medium Confidence,False,0.41619293751548403,0.583807062484516,-0.9,WAS by 0.9,Pending,1364.8558028551092,1459.3933893811163,-94.53758652600709,-39.53758652600709,0.44334518930758676,0.6666666666666666,0.3333333333333333,0.3333333333333333,0.0,No Upset Alert,2026-11-29 21:25:00+00:00,2026-09-29T15:19:33.474638+00:00,forecast_run,utc_clock_at_save,f697f11d675a5e1f1bc2a9e8e03a156a4d8bed6a,False
2026,12,2026_12_SEA_SF,2026-11-29,Sunday,SF,SEA,SF,0.5406418066790493,Low Confidence,False,0.5406418066790493,0.45935819332095074,0.4,SF by 0.4,Pending,1605.5377659263631,1640.094255860784,-34.556489934420824,20.443510065579176,0.529386668809151,0.16666666666666666,0.3333333333333333,-0.16666666666666666,-0.33333333333333337,No Upset Alert,2026-11-29 21:25:00+00:00,2026-09-29T15:19:33.474638+00:00,forecast_run,utc_clock_at_save,f697f11d675a5e1f1bc2a9e8e03a156a4d8bed6a,False
2026,12,2026_12_NE_LAC,2026-11-29,Sunday,LAC,NE,NE,0.5862196867112173,Medium Confidence,False,0.4137803132887827,0.5862196867112173,-2.8,NE by 2.8,Pending,1498.947658305659,1530.887468810454,-31.939810504795105,23.060189495204895,0.5331376340511496,0.6666666666666666,0.5,0.16666666666666663,0.3333333333333333,No Upset Alert,2026-11-30 01:20:00+00:00,2026-09-29T15:19:33.474638+00:00,forecast_run,utc_clock_at_save,f697f11d675a5e1f1bc2a9e8e03a156a4d8bed6a,False
2026,12,2026_12_CAR_TB,2026-11-30,Monday,TB,CAR,TB,0.5256062551893975,Toss-Up,False,0.5256062551893975,0.4743937448106025,0.8,TB by 0.8,Pending,1467.5329590681656,1374.3801339571867,93.15282511097894,148.15282511097894,0.7011617649528703,0.3333333333333333,0.16666666666666666,0.16666666666666666,0.3333333333333333,No Upset Alert,2026-12-01 01:15:00+00:00,2026-09-29T15:19:33.474638+00:00,forecast_run,utc_clock_at_save,f697f11d675a5e1f1bc2a9e8e03a156a4d8bed6a,False
2026,13,2026_13_KC_LA,2026-12-03,Thursday,LA,KC,KC,0.5721914882412951,Medium Confidence,False,0.42780851175870493,0.5721914882412951,-0.3,KC by 0.3,Pending,1585.3854616526473,1628.9576582550462,-43.57219660239889,11.42780339760111,0.5164400028468517,0.5,0.0,0.5,0.6666666666666667,No Upset Alert,2026-12-04 01:15:00+00:00,2026-09-29T15:19:33.474638+00:00,forecast_run,utc_clock_at_save,f697f11d675a5e1f1bc2a9e8e03a156a4d8bed6a,False
2026,13,2026_13_DET_ATL,2026-12-06,Sunday,ATL,DET,DET,0.6475894792202187,Medium Confidence,False,0.3524105207797813,0.6475894792202187,-4.9,DET by 4.9,Pending,1442.511458190431,1593.417249317599,-150.90579112716796,-95.90579112716796,0.36538240554797796,0.16666666666666666,0.5,-0.33333333333333337,0.3333333333333333,No Upset Alert,2026-12-06 18:00:00+00:00,2026-09-29T15:19:33.474638+00:00,forecast_run,utc_clock_at_save,f697f11d675a5e1f1bc2a9e8e03a156a4d8bed6a,False
2026,13,2026_13_JAX_CHI,2026-12-06,Sunday,CHI,JAX,JAX,0.5731519895073665,Medium Confidence,False,0.4268480104926335,0.5731519895073665,-2.9,JAX by 2.9,Pending,1492.733323034646,1499.1701805504435,-6.436857515797556,48.563142484202444,0.5694363677072813,0.6666666666666666,0.16666666666666666,0.5,0.0,No Upset Alert,2026-12-06 18:00:00+00:00,2026-09-29T15:19:33.474638+00:00,forecast_run,utc_clock_at_save,f697f11d675a5e1f1bc2a9e8e03a156a4d8bed6a,False
2026,13,2026_13_CIN_CLE,2026-12-06,Sunday,CLE,CIN,CIN,0.6125153217218087,Medium Confidence,False,0.3874846782781914,0.6125153217218087,-4.6,CIN by 4.6,Pending,1428.4410658821632,1515.7361204617469,-87.29505457958362,-32.29505457958362,0.4536570742588998,0.16666666666666666,0.16666666666666666,0.0,0.0,No Upset Alert,2026-12-06 18:00:00+00:00,2026-09-29T15:19:33.474638+00:00,forecast_run,utc_clock_at_save,f697f11d675a5e1f1bc2a9e8e03a156a4d8bed6a,False
2026,13,2026_13_GB_NO,2026-12-06,Sunday,NO,GB,GB,0.5599531054777033,Low Confidence,False,0.4400468945222967,0.5599531054777033,-1.4,GB by 1.4,Pending,1416.5980440907922,1536.367947573771,-119.76990348297886,-64.76990348297886,0.4078536192095708,0.6666666666666666,0.3333333333333333,0.3333333333333333,0.0,No Upset Alert,2026-12-06 18:00:00+00:00,2026-09-29T15:19:33.474638+00:00,forecast_run,utc_clock_at_save,f697f11d675a5e1f1bc2a9e8e03a156a4d8bed6a,False
2026,13,2026_13_SF_NYG,2026-12-06,Sunday,NYG,SF,SF,0.7196060865613332,High Confidence,False,0.2803939134386668,0.7196060865613332,-5.9,SF by 5.9,Pending,1369.8832529437325,1605.5377659263631,-235.65451298263065,-180.65451298263065,0.26116331324261194,0.0,0.16666666666666666,-0.16666666666666666,0.33333333333333337,No Upset Alert,2026-12-06 18:00:00+00:00,2026-09-29T15:19:33.474638+00:00,forecast_run,utc_clock_at_save,f697f11d675a5e1f1bc2a9e8e03a156a4d8bed6a,False
2026,13,2026_13_LAC_TB,2026-12-06,Sunday,TB,LAC,TB,0.6145867854030407,Medium Confidence,False,0.6145867854030407,0.3854132145969593,3.4,TB by 3.4,Pending,1467.5329590681656,1498.947658305659,-31.414699237493323,23.585300762506677,0.5338899346551829,0.3333333333333333,0.6666666666666666,-0.3333333333333333,0.0,No Upset Alert,2026-12-06 18:00:00+00:00,2026-09-29T15:19:33.474638+00:00,forecast_run,utc_clock_at_save,f697f11d675a5e1f1bc2a9e8e03a156a4d8bed6a,False
2026,13,2026_13_WAS_TEN,2026-12-06,Sunday,TEN,WAS,WAS,0.6818483370792503,High Confidence,False,0.3181516629207497,0.6818483370792503,-4.3,WAS by 4.3,Pending,1308.2483759063814,1459.3933893811163,-151.14501347473492,-96.14501347473492,0.3650631513515479,0.5,0.3333333333333333,0.16666666666666669,0.3333333333333333,No Upset Alert,2026-12-06 18:00:00+00:00,2026-09-29T15:19:33.474638+00:00,forecast_run,utc_clock_at_save,f697f11d675a5e1f1bc2a9e8e03a156a4d8bed6a,False
2026,13,2026_13_PHI_ARI,2026-12-06,Sunday,ARI,PHI,PHI,0.7243208356237362,High Confidence,False,0.27567916437626383,0.7243208356237362,-2.7,PHI by 2.7,Pending,1364.8558028551092,1632.5519261459388,-267.6961232908295,-212.69612329082952,0.22716704335743168,0.6666666666666666,0.16666666666666666,0.5,0.3333333333333333,No Upset Alert,2026-12-06 21:05:00+00:00,2026-09-29T15:19:33.474638+00:00,forecast_run,utc_clock_at_save,f697f11d675a5e1f1bc2a9e8e03a156a4d8bed6a,False
2026,13,2026_13_MIA_DEN,2026-12-06,Sunday,DEN,MIA,DEN,0.77855300886094,High Confidence,False,0.77855300886094,0.22144699113905997,8.6,DEN by 8.6,Pending,1588.7390599118264,1455.9974812744572,132.74157863736923,187.74157863736923,0.7466316124962143,0.5,0.6666666666666666,-0.16666666666666663,-0.6666666666666666,No Upset Alert,2026-12-06 21:05:00+00:00,2026-09-29T15:19:33.474638+00:00,forecast_run,utc_clock_at_save,f697f11d675a5e1f1bc2a9e8e03a156a4d8bed6a,False
2026,13,2026_13_CAR_MIN,2026-12-06,Sunday,MIN,CAR,MIN,0.6845842474410744,High Confidence,False,0.6845842474410744,0.3154157525589256,4.1,MIN by 4.1,Pending,1598.5600238115144,1374.3801339571867,224.1798898543277,279.1798898543277,0.8330067887646155,0.3333333333333333,0.16666666666666666,0.16666666666666666,-0.6666666666666667,No Upset Alert,2026-12-06 21:25:00+00:00,2026-09-29T15:19:33.474638+00:00,forecast_run,utc_clock_at_save,f697f11d675a5e1f1bc2a9e8e03a156a4d8bed6a,False
2026,13,2026_13_BUF_NE,2026-12-06,Sunday,NE,BUF,BUF,0.6995810988437526,High Confidence,False,0.30041890115624736,0.6995810988437526,-4.3,BUF by 4.3,Pending,1530.887468810454,1677.6647562478,-146.77728743734588,-91.77728743734588,0.3709105484154645,0.5,0.3333333333333333,0.16666666666666669,0.6666666666666667,No Upset Alert,2026-12-06 21:25:00+00:00,2026-09-29T15:19:33.474638+00:00,forecast_run,utc_clock_at_save,f697f11d675a5e1f1bc2a9e8e03a156a4d8bed6a,False
2026,13,2026_13_HOU_PIT,2026-12-06,Sunday,PIT,HOU,PIT,0.5560486287286367,Low Confidence,False,0.5560486287286367,0.4439513712713633,1.9,PIT by 1.9,Pending,1558.049876638942,1529.324533241844,28.72534339709796,83.72534339709796,0.6182110226294193,0.3333333333333333,0.3333333333333333,0.0,-0.6666666666666666,No Upset Alert,2026-12-07 01:20:00+00:00,2026-09-29T15:19:33.474638+00:00,forecast_run,utc_clock_at_save,f697f11d675a5e1f1bc2a9e8e03a156a4d8bed6a,False
2026,13,2026_13_DAL_SEA,2026-12-07,Monday,SEA,DAL,SEA,0.6983469752622671,High Confidence,False,0.6983469752622671,0.3016530247377329,7.4,SEA by 7.4,Pending,1640.094255860784,1485.1255024727714,154.9687533880126,209.9687533880126,0.7700648295362663,0.3333333333333333,0.16666666666666666,0.16666666666666666,-0.3333333333333333,No Upset Alert,2026-12-08 01:15:00+00:00,2026-09-29T15:19:33.474638+00:00,forecast_run,utc_clock_at_save,f697f11d675a5e1f1bc2a9e8e03a156a4d8bed6a,False
2026,14,2026_14_MIN_NE,2026-12-10,Thursday,NE,MIN,MIN,0.5555895927653985,Low Confidence,False,0.44441040723460146,0.5555895927653985,0.2,NE by 0.2,Pending,1530.887468810454,1598.5600238115144,-67.67255500106035,-12.672555001060346,0.4817708106278528,0.5,0.3333333333333333,0.16666666666666669,0.6666666666666667,No Upset Alert,2026-12-11 01:15:00+00:00,2026-09-29T15:19:33.474638+00:00,forecast_run,utc_clock_at_save,f697f11d675a5e1f1bc2a9e8e03a156a4d8bed6a,False
2026,14,2026_14_TB_BAL,2026-12-13,Sunday,BAL,TB,BAL,0.7489362523700175,High Confidence,False,0.7489362523700175,0.2510637476299825,7.4,BAL by 7.4,Pending,1587.7341383179694,1467.5329590681656,120.20117924980377,175.20117924980377,0.7327341434268804,0.16666666666666666,0.3333333333333333,-0.16666666666666666,-0.6666666666666666,No Upset Alert,2026-12-13 18:00:00+00:00,2026-09-29T15:19:33.474638+00:00,forecast_run,utc_clock_at_save,f697f11d675a5e1f1bc2a9e8e03a156a4d8bed6a,False
2026,14,2026_14_NO_CAR,2026-12-13,Sunday,CAR,NO,CAR,0.6270798015017911,Medium Confidence,False,0.6270798015017911,0.3729201984982089,3.6,CAR by 3.6,Pending,1374.3801339571867,1416.5980440907922,-42.21791013360553,12.782089866394472,0.5183866113717082,0.16666666666666666,0.6666666666666666,-0.5,0.0,No Upset Alert,2026-12-13 18:00:00+00:00,2026-09-29T15:19:33.474638+00:00,forecast_run,utc_clock_at_save,f697f11d675a5e1f1bc2a9e8e03a156a4d8bed6a,False
2026,14,2026_14_ATL_CLE,2026-12-13,Sunday,CLE,ATL,CLE,0.5214549990377811,Toss-Up,False,0.5214549990377811,0.47854500096221886,0.8,CLE by 0.8,Pending,1428.4410658821632,1442.511458190431,-14.070392308267856,40.929607691732144,0.5586314619968223,0.16666666666666666,0.16666666666666666,0.0,-0.3333333333333333,No Upset Alert,2026-12-13 18:00:00+00:00,2026-09-29T15:19:33.474638+00:00,forecast_run,utc_clock_at_save,f697f11d675a5e1f1bc2a9e8e03a156a4d8bed6a,False
2026,14,2026_14_TEN_DET,2026-12-13,Sunday,DET,TEN,DET,0.8694372959868455,High Confidence,False,0.8694372959868455,0.1305627040131545,15.1,DET by 15.1,Pending,1593.417249317599,1308.2483759063814,285.16887341121765,340.16887341121765,0.8763347075448231,0.5,0.5,0.0,-0.6666666666666666,No Upset Alert,2026-12-13 18:00:00+00:00,2026-09-29T15:19:33.474638+00:00,forecast_run,utc_clock_at_save,f697f11d675a5e1f1bc2a9e8e03a156a4d8bed6a,False
2026,14,2026_14_CHI_MIA,2026-12-13,Sunday,MIA,CHI,CHI,0.706085672410874,High Confidence,False,0.29391432758912595,0.706085672410874,-4.8,CHI by 4.8,Pending,1455.9974812744572,1492.733323034646,-36.735841760188805,18.264158239811195,0.5262600516199137,0.6666666666666666,0.6666666666666666,0.0,0.6666666666666666,No Upset Alert,2026-12-13 18:00:00+00:00,2026-09-29T15:19:33.474638+00:00,forecast_run,utc_clock_at_save,f697f11d675a5e1f1bc2a9e8e03a156a4d8bed6a,False
2026,14,2026_14_DEN_NYJ,2026-12-13,Sunday,NYJ,DEN,DEN,0.6518387094677318,High Confidence,False,0.34816129053226824,0.6518387094677318,-2.8,DEN by 2.8,Pending,1337.7373006499781,1588.7390599118264,-251.0017592618483,-196.0017592618483,0.2444792473513138,0.16666666666666666,0.5,-0.33333333333333337,0.3333333333333333,No Upset Alert,2026-12-13 18:00:00+00:00,2026-09-29T15:19:33.474638+00:00,forecast_run,utc_clock_at_save,f697f11d675a5e1f1bc2a9e8e03a156a4d8bed6a,False
2026,14,2026_14_IND_PHI,2026-12-13,Sunday,PHI,IND,PHI,0.6266056547435124,Medium Confidence,False,0.6266056547435124,0.3733943452564876,3.6,PHI by 3.6,Pending,1632.5519261459388,1454.0759311781082,178.4759949678305,233.4759949678305,0.7931462918242392,0.16666666666666666,0.3333333333333333,-0.16666666666666666,-0.3333333333333333,No Upset Alert,2026-12-13 18:00:00+00:00,2026-09-29T15:19:33.474638+00:00,forecast_run,utc_clock_at_save,f697f11d675a5e1f1bc2a9e8e03a156a4d8bed6a,False
2026,14,2026_14_HOU_WAS,2026-12-13,Sunday,WAS,HOU,HOU,0.522022543600299,Toss-Up,False,0.4779774563997011,0.522022543600299,-2.8,HOU by 2.8,Pending,1459.3933893811163,1529.324533241844,-69.93114386072762,-14.931143860727616,0.4785255752702063,0.3333333333333333,0.3333333333333333,0.0,-0.3333333333333333,No Upset Alert,2026-12-13 18:00:00+00:00,2026-09-29T15:19:33.474638+00:00,forecast_run,utc_clock_at_save,f697f11d675a5e1f1bc2a9e8e03a156a4d8bed6a,False
2026,14,2026_14_LAC_LV,2026-12-13,Sunday,LV,LAC,LV,0.6319872060515344,Medium Confidence,False,0.6319872060515344,0.36801279394846564,-1.2,LAC by 1.2,Pending,1393.9742392937735,1498.947658305659,-104.97341901188543,-49.973419011885426,0.4285743546869869,0.16666666666666666,0.6666666666666666,-0.5,-1.0,No Upset Alert,2026-12-13 21:05:00+00:00,2026-09-29T15:19:33.474638+00:00,forecast_run,utc_clock_at_save,f697f11d675a5e1f1bc2a9e8e03a156a4d8bed6a,False
2026,14,2026_14_KC_CIN,2026-12-13,Sunday,CIN,KC,KC,0.6042972619185834,Medium Confidence,False,0.39570273808141665,0.6042972619185834,-3.8,KC by 3.8,Pending,1515.7361204617469,1628.9576582550462,-113.22153779329938,-58.221537793299376,0.41698805163334823,0.16666666666666666,0.0,0.16666666666666666,0.33333333333333337,No Upset Alert,2026-12-13 21:25:00+00:00,2026-09-29T15:19:33.474638+00:00,forecast_run,utc_clock_at_save,f697f11d675a5e1f1bc2a9e8e03a156a4d8bed6a,False
2026,14,2026_14_NYG_SEA,2026-12-13,Sunday,SEA,NYG,SEA,0.7919892144457983,High Confidence,False,0.7919892144457983,0.20801078555420172,10.4,SEA by 10.4,Pending,1640.094255860784,1369.8832529437325,270.2110029170515,325.2110029170515,0.8666970365449099,0.3333333333333333,0.0,0.3333333333333333,0.0,No Upset Alert,2026-12-13 21:25:00+00:00,2026-09-29T15:19:33.474638+00:00,forecast_run,utc_clock_at_save,f697f11d675a5e1f1bc2a9e8e03a156a4d8bed6a,False
2026,14,2026_14_LA_SF,2026-12-13,Sunday,SF,LA,SF,0.6662581319449494,High Confidence,False,0.6662581319449494,0.3337418680550506,6.2,SF by 6.2,Pending,1605.5377659263631,1585.3854616526473,20.1523042737158,75.1523042737158,0.6064970831892912,0.16666666666666666,0.5,-0.33333333333333337,-0.6666666666666667,No Upset Alert,2026-12-13 21:25:00+00:00,2026-09-29T15:19:33.474638+00:00,forecast_run,utc_clock_at_save,f697f11d675a5e1f1bc2a9e8e03a156a4d8bed6a,False
2026,14,2026_14_BUF_GB,2026-12-13,Sunday,GB,BUF,BUF,0.7142088242997799,High Confidence,False,0.2857911757002201,0.7142088242997799,-7.3,BUF by 7.3,Pending,1536.367947573771,1677.6647562478,-141.29680867402885,-86.29680867402885,0.37830135623585603,0.3333333333333333,0.3333333333333333,0.0,0.6666666666666667,No Upset Alert,2026-12-14 01:20:00+00:00,2026-09-29T15:19:33.474638+00:00,forecast_run,utc_clock_at_save,f697f11d675a5e1f1bc2a9e8e03a156a4d8bed6a,False
2026,14,2026_14_PIT_JAX,2026-12-14,Monday,JAX,PIT,JAX,0.6980954435556593,High Confidence,False,0.6980954435556593,0.30190455644434067,6.4,JAX by 6.4,Pending,1499.1701805504435,1558.049876638942,-58.87969608849835,-3.879696088498349,0.494416900571709,0.16666666666666666,0.3333333333333333,-0.16666666666666666,0.0,No Upset Alert,2026-12-15 01:15:00+00:00,2026-09-29T15:19:33.474638+00:00,forecast_run,utc_clock_at_save,f697f11d675a5e1f1bc2a9e8e03a156a4d8bed6a,False
2026,15,2026_15_SF_LAC,2026-12-17,Thursday,LAC,SF,SF,0.7735279156101247,High Confidence,False,0.22647208438987526,0.7735279156101247,-8.1,SF by 8.1,Pending,1498.947658305659,1605.5377659263631,-106.5901076207042,-51.5901076207042,0.42629676092901353,0.6666666666666666,0.16666666666666666,0.5,1.0,No Upset Alert,2026-12-18 01:15:00+00:00,2026-09-29T15:19:33.474638+00:00,forecast_run,utc_clock_at_save,f697f11d675a5e1f1bc2a9e8e03a156a4d8bed6a,False
2026,15,2026_15_SEA_PHI,2026-12-19,Saturday,PHI,SEA,SEA,0.5857118079800824,Medium Confidence,False,0.4142881920199176,0.5857118079800824,-4.0,SEA by 4.0,Pending,1632.5519261459388,1640.094255860784,-7.542329714845209,47.45767028515479,0.5678754624502053,0.16666666666666666,0.3333333333333333,-0.16666666666666666,0.0,No Upset Alert,2026-12-19 22:00:00+00:00,2026-09-29T15:19:33.474638+00:00,forecast_run,utc_clock_at_save,f697f11d675a5e1f1bc2a9e8e03a156a4d8bed6a,False
2026,15,2026_15_CHI_BUF,2026-12-19,Saturday,BUF,CHI,BUF,0.7365935771851324,High Confidence,False,0.7365935771851324,0.2634064228148676,5.4,BUF by 5.4,Pending,1677.6647562478,1492.733323034646,184.93143321315392,239.93143321315392,0.7991766515038262,0.3333333333333333,0.6666666666666666,-0.3333333333333333,-0.33333333333333337,No Upset Alert,2026-12-20 01:20:00+00:00,2026-09-29T15:19:33.474638+00:00,forecast_run,utc_clock_at_save,f697f11d675a5e1f1bc2a9e8e03a156a4d8bed6a,False
2026,15,2026_15_CIN_CAR,2026-12-20,Sunday,CAR,CIN,CIN,0.5599127247837714,Low Confidence,False,0.44008727521622865,0.5599127247837714,-0.6,CIN by 0.6,Pending,1374.3801339571867,1515.7361204617469,-141.35598650456018,-86.35598650456018,0.3782212411048988,0.16666666666666666,0.16666666666666666,0.0,0.3333333333333333,No Upset Alert,2026-12-20 18:00:00+00:00,2026-09-29T15:19:33.474638+00:00,forecast_run,utc_clock_at_save,f697f11d675a5e1f1bc2a9e8e03a156a4d8bed6a,False
2026,15,2026_15_MIA_GB,2026-12-20,Sunday,GB,MIA,GB,0.7317592463503138,High Confidence,False,0.7317592463503138,0.26824075364968625,7.9,GB by 7.9,Pending,1536.367947573771,1455.9974812744572,80.37046629931388,135.37046629931388,0.6855195367314707,0.3333333333333333,0.6666666666666666,-0.3333333333333333,-0.3333333333333333,No Upset Alert,2026-12-20 18:00:00+00:00,2026-09-29T15:19:33.474638+00:00,forecast_run,utc_clock_at_save,f697f11d675a5e1f1bc2a9e8e03a156a4d8bed6a,False
2026,15,2026_15_JAX_HOU,2026-12-20,Sunday,HOU,JAX,JAX,0.6162480098648377,Medium Confidence,False,0.3837519901351622,0.6162480098648377,-4.7,JAX by 4.7,Pending,1529.324533241844,1499.1701805504435,30.15435269140039,85.15435269140039,0.6201506858359962,0.3333333333333333,0.16666666666666666,0.16666666666666666,0.6666666666666666,No Upset Alert,2026-12-20 18:00:00+00:00,2026-09-29T15:19:33.474638+00:00,forecast_run,utc_clock_at_save,f697f11d675a5e1f1bc2a9e8e03a156a4d8bed6a,False
2026,15,2026_15_CLE_NYG,2026-12-20,Sunday,NYG,CLE,NYG,0.5820868651030282,Medium Confidence,False,0.5820868651030282,0.4179131348969718,2.0,NYG by 2.0,Pending,1369.8832529437325,1428.4410658821632,-58.55781293843074,-3.557812938430743,0.4948800745631038,0.0,0.16666666666666666,-0.16666666666666666,0.0,No Upset Alert,2026-12-20 18:00:00+00:00,2026-09-29T15:19:33.474638+00:00,forecast_run,utc_clock_at_save,f697f11d675a5e1f1bc2a9e8e03a156a4d8bed6a,False
2026,15,2026_15_BAL_PIT,2026-12-20,Sunday,PIT,BAL,BAL,0.5955277972592347,Medium Confidence,False,0.40447220274076534,0.5955277972592347,-1.6,BAL by 1.6,Pending,1558.049876638942,1587.7341383179694,-29.684261679027486,25.315738320972514,0.5363679367463012,0.3333333333333333,0.16666666666666666,0.16666666666666666,0.0,No Upset Alert,2026-12-20 18:00:00+00:00,2026-09-29T15:19:33.474638+00:00,forecast_run,utc_clock_at_save,f697f11d675a5e1f1bc2a9e8e03a156a4d8bed6a,False
2026,15,2026_15_NO_TB,2026-12-20,Sunday,TB,NO,TB,0.6054418536831938,Medium Confidence,False,0.6054418536831938,0.3945581463168062,3.3,TB by 3.3,Pending,1467.5329590681656,1416.5980440907922,50.93491497737341,105.93491497737341,0.6478975482941893,0.3333333333333333,0.6666666666666666,-0.3333333333333333,0.3333333333333333,No Upset Alert,2026-12-20 18:00:00+00:00,2026-09-29T15:19:33.474638+00:00,forecast_run,utc_clock_at_save,f697f11d675a5e1f1bc2a9e8e03a156a4d8bed6a,False
2026,15,2026_15_IND_TEN,2026-12-20,Sunday,TEN,IND,IND,0.7437268458936694,High Confidence,False,0.25627315410633056,0.7437268458936694,-6.8,IND by 6.8,Pending,1308.2483759063814,1454.0759311781082,-145.82755527172685,-90.82755527172685,0.3721871164302156,0.5,0.3333333333333333,0.16666666666666669,0.3333333333333333,No Upset Alert,2026-12-20 18:00:00+00:00,2026-09-29T15:19:33.474638+00:00,forecast_run,utc_clock_at_save,f697f11d675a5e1f1bc2a9e8e03a156a4d8bed6a,False
2026,15,2026_15_ATL_WAS,2026-12-20,Sunday,WAS,ATL,WAS,0.5541702101175121,Low Confidence,False,0.5541702101175121,0.4458297898824879,2.1,WAS by 2.1,Pending,1459.3933893811163,1442.511458190431,16.881931190685236,71.88193119068524,0.6019952603056843,0.3333333333333333,0.16666666666666666,0.16666666666666666,0.0,No Upset Alert,2026-12-20 18:00:00+00:00,2026-09-29T15:19:33.474638+00:00,forecast_run,utc_clock_at_save,f697f11d675a5e1f1bc2a9e8e03a156a4d8bed6a,False
2026,15,2026_15_NYJ_ARI,2026-12-20,Sunday,ARI,NYJ,ARI,0.509096947965312,Toss-Up,True,0.509096947965312,0.490903052034688,1.2,ARI by 1.2,Pending,1364.8558028551092,1337.7373006499781,27.118502205131108,82.11850220513111,0.616025472311667,0.6666666666666666,0.16666666666666666,0.5,0.0,Upset Alert,2026-12-20 21:05:00+00:00,2026-09-29T15:19:33.474638+00:00,forecast_run,utc_clock_at_save,f697f11d675a5e1f1bc2a9e8e03a156a4d8bed6a,False
2026,15,2026_15_DAL_LA,2026-12-20,Sunday,LA,DAL,LA,0.5788888610415335,Medium Confidence,True,0.5788888610415335,0.4211111389584665,3.2,LA by 3.2,Pending,1585.3854616526473,1485.1255024727714,100.25995917987598,155.25995917987598,0.7096630570045661,0.5,0.16666666666666666,0.33333333333333337,0.0,Upset Alert,2026-12-20 21:25:00+00:00,2026-09-29T15:19:33.474638+00:00,forecast_run,utc_clock_at_save,f697f11d675a5e1f1bc2a9e8e03a156a4d8bed6a,False
2026,15,2026_15_DEN_LV,2026-12-20,Sunday,LV,DEN,DEN,0.5473760109241171,Low Confidence,False,0.45262398907588286,0.5473760109241171,-1.5,DEN by 1.5,Pending,1393.9742392937735,1588.7390599118264,-194.7648206180529,-139.7648206180529,0.3090528624735493,0.16666666666666666,0.5,-0.33333333333333337,-0.33333333333333337,No Upset Alert,2026-12-20 21:25:00+00:00,2026-09-29T15:19:33.474638+00:00,forecast_run,utc_clock_at_save,f697f11d675a5e1f1bc2a9e8e03a156a4d8bed6a,False
2026,15,2026_15_DET_MIN,2026-12-20,Sunday,MIN,DET,MIN,0.5253956602582556,Toss-Up,True,0.5253956602582556,0.47460433974174443,3.3,MIN by 3.3,Pending,1598.5600238115144,1593.417249317599,5.14277449391534,60.14277449391534,0.5856981257251976,0.3333333333333333,0.5,-0.16666666666666669,-0.33333333333333337,Upset Alert,2026-12-21 01:20:00+00:00,2026-09-29T15:19:33.474638+00:00,forecast_run,utc_clock_at_save,f697f11d675a5e1f1bc2a9e8e03a156a4d8bed6a,False
2026,15,2026_15_NE_KC,2026-12-21,Monday,KC,NE,KC,0.7436600301593979,High Confidence,False,0.7436600301593979,0.25633996984060214,8.8,KC by 8.8,Pending,1628.9576582550462,1530.887468810454,98.07018944459219,153.0701894445922,0.7070589898358675,0.0,0.5,-0.5,-0.6666666666666667,No Upset Alert,2026-12-22 01:15:00+00:00,2026-09-29T15:19:33.474638+00:00,forecast_run,utc_clock_at_save,f697f11d675a5e1f1bc2a9e8e03a156a4d8bed6a,False
2026,16,2026_16_HOU_PHI,2026-12-24,Thursday,PHI,HOU,PHI,0.6335178952004585,Medium Confidence,False,0.6335178952004585,0.36648210479954146,3.2,PHI by 3.2,Pending,1632.5519261459388,1529.324533241844,103.22739290409481,158.2273929040948,0.7131699949083489,0.16666666666666666,0.3333333333333333,-0.16666666666666666,-0.6666666666666666,No Upset Alert,2026-12-25 01:15:00+00:00,2026-09-29T15:19:33.474638+00:00,forecast_run,utc_clock_at_save,f697f11d675a5e1f1bc2a9e8e03a156a4d8bed6a,False
2026,16,2026_16_GB_CHI,2026-12-25,Friday,CHI,GB,CHI,0.6131619014998458,Medium Confidence,False,0.6131619014998458,0.38683809850015416,5.6,CHI by 5.6,Pending,1492.733323034646,1536.367947573771,-43.63462453912507,11.36537546087493,0.5163502584214649,0.6666666666666666,0.3333333333333333,0.3333333333333333,-0.3333333333333333,No Upset Alert,2026-12-25 18:00:00+00:00,2026-09-29T15:19:33.474638+00:00,forecast_run,utc_clock_at_save,f697f11d675a5e1f1bc2a9e8e03a156a4d8bed6a,False
2026,16,2026_16_BUF_DEN,2026-12-25,Friday,DEN,BUF,BUF,0.6586134228623883,High Confidence,False,0.3413865771376117,0.6586134228623883,-5.0,BUF by 5.0,Pending,1588.7390599118264,1677.6647562478,-88.9256963359735,-33.9256963359735,0.4513315803831292,0.5,0.3333333333333333,0.16666666666666669,0.33333333333333337,No Upset Alert,2026-12-25 21:30:00+00:00,2026-09-29T15:19:33.474638+00:00,forecast_run,utc_clock_at_save,f697f11d675a5e1f1bc2a9e8e03a156a4d8bed6a,False
2026,16,2026_16_LA_SEA,2026-12-25,Friday,SEA,LA,SEA,0.6735226060973469,High Confidence,False,0.6735226060973469,0.32647739390265307,5.8,SEA by 5.8,Pending,1640.094255860784,1585.3854616526473,54.708794208136624,109.70879420813662,0.6528373432717434,0.3333333333333333,0.5,-0.16666666666666669,-0.3333333333333333,No Upset Alert,2026-12-26 01:15:00+00:00,2026-09-29T15:19:33.474638+00:00,forecast_run,utc_clock_at_save,f697f11d675a5e1f1bc2a9e8e03a156a4d8bed6a,False
2026,16,2026_16_TB_ATL,2026-12-27,Sunday,ATL,TB,ATL,0.5453620139224938,Low Confidence,True,0.5453620139224938,0.45463798607750616,1.2,ATL by 1.2,Pending,1442.511458190431,1467.5329590681656,-25.021500877734525,29.978499122265475,0.5430357791653746,0.16666666666666666,0.3333333333333333,-0.16666666666666666,-0.3333333333333333,Upset Alert,2026-12-27 18:00:00+00:00,2026-09-29T15:19:33.474638+00:00,forecast_run,utc_clock_at_save,f697f11d675a5e1f1bc2a9e8e03a156a4d8bed6a,False
2026,16,2026_16_CLE_BAL,2026-12-27,Sunday,BAL,CLE,BAL,0.7708685180587351,High Confidence,False,0.7708685180587351,0.22913148194126487,12.3,BAL by 12.3,Pending,1587.7341383179694,1428.4410658821632,159.29307243580615,214.29307243580615,0.7744428118066508,0.16666666666666666,0.16666666666666666,0.0,0.0,No Upset Alert,2026-12-27 18:00:00+00:00,2026-09-29T15:19:33.474638+00:00,forecast_run,utc_clock_at_save,f697f11d675a5e1f1bc2a9e8e03a156a4d8bed6a,False
2026,16,2026_16_CIN_IND,2026-12-27,Sunday,IND,CIN,CIN,0.5057153303558279,Toss-Up,False,0.49428466964417206,0.5057153303558279,0.6,IND by 0.6,Pending,1454.0759311781082,1515.7361204617469,-61.6601892836386,-6.660189283638601,0.4904163910240505,0.3333333333333333,0.16666666666666666,0.16666666666666666,0.3333333333333333,No Upset Alert,2026-12-27 18:00:00+00:00,2026-09-29T15:19:33.474638+00:00,forecast_run,utc_clock_at_save,f697f11d675a5e1f1bc2a9e8e03a156a4d8bed6a,False
2026,16,2026_16_LAC_MIA,2026-12-27,Sunday,MIA,LAC,LAC,0.5344141430176816,Low Confidence,False,0.46558585698231836,0.5344141430176816,-1.7,LAC by 1.7,Pending,1455.9974812744572,1498.947658305659,-42.95017703120175,12.049822968798253,0.5173341396269934,0.6666666666666666,0.6666666666666666,0.0,0.0,No Upset Alert,2026-12-27 18:00:00+00:00,2026-09-29T15:19:33.474638+00:00,forecast_run,utc_clock_at_save,f697f11d675a5e1f1bc2a9e8e03a156a4d8bed6a,False
2026,16,2026_16_WAS_MIN,2026-12-27,Sunday,MIN,WAS,MIN,0.7062433089890505,High Confidence,False,0.7062433089890505,0.2937566910109495,7.4,MIN by 7.4,Pending,1598.5600238115144,1459.3933893811163,139.16663443039806,194.16663443039806,0.7535642541289806,0.3333333333333333,0.3333333333333333,0.0,-0.6666666666666667,No Upset Alert,2026-12-27 18:00:00+00:00,2026-09-29T15:19:33.474638+00:00,forecast_run,utc_clock_at_save,f697f11d675a5e1f1bc2a9e8e03a156a4d8bed6a,False
2026,16,2026_16_ARI_NO,2026-12-27,Sunday,NO,ARI,NO,0.6206865465353277,Medium Confidence,False,0.6206865465353277,0.37931345346467227,5.3,NO by 5.3,Pending,1416.5980440907922,1364.8558028551092,51.74224123568297,106.74224123568297,0.6489569995464664,0.6666666666666666,0.6666666666666666,0.0,0.0,No Upset Alert,2026-12-27 18:00:00+00:00,2026-09-29T15:19:33.474638+00:00,forecast_run,utc_clock_at_save,f697f11d675a5e1f1bc2a9e8e03a156a4d8bed6a,False
2026,16,2026_16_NE_NYJ,2026-12-27,Sunday,NYJ,NE,NE,0.6094225805819544,Medium Confidence,False,0.39057741941804563,0.6094225805819544,-5.8,NE by 5.8,Pending,1337.7373006499781,1530.887468810454,-193.1501681604759,-138.1501681604759,0.31104115684689015,0.16666666666666666,0.5,-0.33333333333333337,0.0,No Upset Alert,2026-12-27 18:00:00+00:00,2026-09-29T15:19:33.474638+00:00,forecast_run,utc_clock_at_save,f697f11d675a5e1f1bc2a9e8e03a156a4d8bed6a,False
2026,16,2026_16_CAR_PIT,2026-12-27,Sunday,PIT,CAR,PIT,0.6006392098016875,Medium Confidence,False,0.6006392098016875,0.3993607901983125,2.6,PIT by 2.6,Pending,1558.049876638942,1374.3801339571867,183.66974268175522,238.66974268175522,0.7980084754030864,0.3333333333333333,0.16666666666666666,0.16666666666666666,-0.3333333333333333,No Upset Alert,2026-12-27 18:00:00+00:00,2026-09-29T15:19:33.474638+00:00,forecast_run,utc_clock_at_save,f697f11d675a5e1f1bc2a9e8e03a156a4d8bed6a,False
2026,16,2026_16_TEN_LV,2026-12-27,Sunday,LV,TEN,LV,0.772416957647522,High Confidence,False,0.772416957647522,0.22758304235247795,9.1,LV by 9.1,Pending,1393.9742392937735,1308.2483759063814,85.72586338739211,140.7258633873921,0.6921272308954224,0.16666666666666666,0.5,-0.33333333333333337,-1.0,No Upset Alert,2026-12-27 21:05:00+00:00,2026-09-29T15:19:33.474638+00:00,forecast_run,utc_clock_at_save,f697f11d675a5e1f1bc2a9e8e03a156a4d8bed6a,False
2026,16,2026_16_SF_KC,2026-12-27,Sunday,KC,SF,KC,0.5472852082955343,Low Confidence,False,0.5472852082955343,0.4527147917044657,1.7,KC by 1.7,Pending,1628.9576582550462,1605.5377659263631,23.41989232868309,78.41989232868309,0.6109770808731855,0.0,0.16666666666666666,-0.16666666666666666,0.0,No Upset Alert,2026-12-27 21:25:00+00:00,2026-09-29T15:19:33.474638+00:00,forecast_run,utc_clock_at_save,f697f11d675a5e1f1bc2a9e8e03a156a4d8bed6a,False
2026,16,2026_16_JAX_DAL,2026-12-27,Sunday,DAL,JAX,JAX,0.5570104241716632,Low Confidence,False,0.44298957582833676,0.5570104241716632,-2.7,JAX by 2.7,Pending,1485.1255024727714,1499.1701805504435,-14.044678077672188,40.95532192232781,0.5586679585814841,0.16666666666666666,0.16666666666666666,0.0,0.3333333333333333,No Upset Alert,2026-12-28 01:20:00+00:00,2026-09-29T15:19:33.474638+00:00,forecast_run,utc_clock_at_save,f697f11d675a5e1f1bc2a9e8e03a156a4d8bed6a,False
2026,16,2026_16_NYG_DET,2026-12-28,Monday,DET,NYG,DET,0.7215738208397998,High Confidence,False,0.7215738208397998,0.2784261791602002,4.6,DET by 4.6,Pending,1593.417249317599,1369.8832529437325,223.53399637386656,278.53399637386656,0.8324889417168154,0.5,0.0,0.5,0.0,No Upset Alert,2026-12-29 01:15:00+00:00,2026-09-29T15:19:33.474638+00:00,forecast_run,utc_clock_at_save,f697f11d675a5e1f1bc2a9e8e03a156a4d8bed6a,False
2026,17,2026_17_BAL_CIN,2026-12-31,Thursday,CIN,BAL,BAL,0.5443994230049861,Low Confidence,False,0.4556005769950139,0.5443994230049861,-2.1,BAL by 2.1,Pending,1515.7361204617469,1587.7341383179694,-71.99801785622253,-16.998017856222532,0.47555738459585256,0.16666666666666666,0.16666666666666666,0.0,0.0,No Upset Alert,2027-01-01 01:15:00+00:00,2026-09-29T15:19:33.474638+00:00,forecast_run,utc_clock_at_save,f697f11d675a5e1f1bc2a9e8e03a156a4d8bed6a,False
2026,17,2026_17_NO_ATL,2027-01-03,Sunday,ATL,NO,ATL,0.6020489033488167,Medium Confidence,False,0.6020489033488167,0.39795109665118333,4.5,ATL by 4.5,Pending,1442.511458190431,1416.5980440907922,25.913414099638885,80.91341409963889,0.61438328182269,0.16666666666666666,0.6666666666666666,-0.5,0.0,No Upset Alert,2027-01-03 18:00:00+00:00,2026-09-29T15:19:33.474638+00:00,forecast_run,utc_clock_at_save,f697f11d675a5e1f1bc2a9e8e03a156a4d8bed6a,False
2026,17,2026_17_SEA_CAR,2027-01-03,Sunday,CAR,SEA,SEA,0.7088917017324383,High Confidence,False,0.2911082982675617,0.7088917017324383,-5.7,SEA by 5.7,Pending,1374.3801339571867,1640.094255860784,-265.7141219035973,-210.7141219035973,0.2291763206763436,0.16666666666666666,0.3333333333333333,-0.16666666666666666,0.3333333333333333,No Upset Alert,2027-01-03 18:00:00+00:00,2026-09-29T15:19:33.474638+00:00,forecast_run,utc_clock_at_save,f697f11d675a5e1f1bc2a9e8e03a156a4d8bed6a,False
2026,17,2026_17_IND_CLE,2027-01-03,Sunday,CLE,IND,IND,0.5591935547776451,Low Confidence,False,0.4408064452223549,0.5591935547776451,-1.6,IND by 1.6,Pending,1428.4410658821632,1454.0759311781082,-25.63486529594502,29.36513470405498,0.5421594839034274,0.16666666666666666,0.3333333333333333,-0.16666666666666666,-0.3333333333333333,No Upset Alert,2027-01-03 18:00:00+00:00,2026-09-29T15:19:33.474638+00:00,forecast_run,utc_clock_at_save,f697f11d675a5e1f1bc2a9e8e03a156a4d8bed6a,False
2026,17,2026_17_NYG_DAL,2027-01-03,Sunday,DAL,NYG,DAL,0.6718910531126262,High Confidence,False,0.6718910531126262,0.3281089468873738,3.3,DAL by 3.3,Pending,1485.1255024727714,1369.8832529437325,115.24224952903887,170.24224952903887,0.7271068601074377,0.16666666666666666,0.0,0.16666666666666666,0.3333333333333333,No Upset Alert,2027-01-03 18:00:00+00:00,2026-09-29T15:19:33.474638+00:00,forecast_run,utc_clock_at_save,f697f11d675a5e1f1bc2a9e8e03a156a4d8bed6a,False
2026,17,2026_17_WAS_JAX,2027-01-03,Sunday,JAX,WAS,JAX,0.7597131332530587,High Confidence,False,0.7597131332530587,0.24028686674694133,6.4,JAX by 6.4,Pending,1499.1701805504435,1459.3933893811163,39.776791169327225,94.77679116932723,0.6331092936679775,0.16666666666666666,0.3333333333333333,-0.16666666666666666,-0.3333333333333333,No Upset Alert,2027-01-03 18:00:00+00:00,2026-09-29T15:19:33.474638+00:00,forecast_run,utc_clock_at_save,f697f11d675a5e1f1bc2a9e8e03a156a4d8bed6a,False
2026,17,2026_17_KC_LAC,2027-01-03,Sunday,LAC,KC,KC,0.7722629828336985,High Confidence,False,0.22773701716630143,0.7722629828336985,-8.2,KC by 8.2,Pending,1498.947658305659,1628.9576582550462,-130.0099999493873,-75.00999994938729,0.3936984355247983,0.6666666666666666,0.0,0.6666666666666666,1.0,No Upset Alert,2027-01-03 18:00:00+00:00,2026-09-29T15:19:33.474638+00:00,forecast_run,utc_clock_at_save,f697f11d675a5e1f1bc2a9e8e03a156a4d8bed6a,False
2026,17,2026_17_BUF_MIA,2027-01-03,Sunday,MIA,BUF,BUF,0.8481374453100481,High Confidence,False,0.15186255468995197,0.8481374453100481,-8.7,BUF by 8.7,Pending,1455.9974812744572,1677.6647562478,-221.66727497334273,-166.66727497334273,0.2769955457672499,0.6666666666666666,0.3333333333333333,0.3333333333333333,1.0,No Upset Alert,2027-01-03 18:00:00+00:00,2026-09-29T15:19:33.474638+00:00,forecast_run,utc_clock_at_save,f697f11d675a5e1f1bc2a9e8e03a156a4d8bed6a,False
2026,17,2026_17_DEN_NE,2027-01-03,Sunday,NE,DEN,NE,0.5019621139473376,Toss-Up,True,0.5019621139473376,0.4980378860526624,1.6,NE by 1.6,Pending,1530.887468810454,1588.7390599118264,-57.85159110137238,-2.851591101372378,0.49589632267004236,0.5,0.5,0.0,0.3333333333333333,Upset Alert,2027-01-03 18:00:00+00:00,2026-09-29T15:19:33.474638+00:00,forecast_run,utc_clock_at_save,f697f11d675a5e1f1bc2a9e8e03a156a4d8bed6a,False
2026,17,2026_17_MIN_NYJ,2027-01-03,Sunday,NYJ,MIN,MIN,0.7019536850120899,High Confidence,False,0.2980463149879101,0.7019536850120899,-3.6,MIN by 3.6,Pending,1337.7373006499781,1598.5600238115144,-260.82272316153626,-205.82272316153626,0.23418829804062033,0.16666666666666666,0.3333333333333333,-0.16666666666666666,0.6666666666666667,No Upset Alert,2027-01-03 18:00:00+00:00,2026-09-29T15:19:33.474638+00:00,forecast_run,utc_clock_at_save,f697f11d675a5e1f1bc2a9e8e03a156a4d8bed6a,False
2026,17,2026_17_LA_TB,2027-01-03,Sunday,TB,LA,LA,0.6139555101121819,Medium Confidence,False,0.38604448988781814,0.6139555101121819,-5.6,LA by 5.6,Pending,1467.5329590681656,1585.3854616526473,-117.85250258448173,-62.852502584481726,0.4105219492084425,0.3333333333333333,0.5,-0.16666666666666669,0.3333333333333333,No Upset Alert,2027-01-03 18:00:00+00:00,2026-09-29T15:19:33.474638+00:00,forecast_run,utc_clock_at_save,f697f11d675a5e1f1bc2a9e8e03a156a4d8bed6a,False
2026,17,2026_17_PIT_TEN,2027-01-03,Sunday,TEN,PIT,PIT,0.7439948396798929,High Confidence,False,0.2560051603201071,0.7439948396798929,-5.5,PIT by 5.5,Pending,1308.2483759063814,1558.049876638942,-249.8015007325605,-194.8015007325605,0.2457576997737935,0.5,0.3333333333333333,0.16666666666666669,0.6666666666666666,No Upset Alert,2027-01-03 18:00:00+00:00,2026-09-29T15:19:33.474638+00:00,forecast_run,utc_clock_at_save,f697f11d675a5e1f1bc2a9e8e03a156a4d8bed6a,False
2026,17,2026_17_LV_ARI,2027-01-03,Sunday,ARI,LV,LV,0.6003155422890953,Medium Confidence,False,0.3996844577109046,0.6003155422890953,-4.7,LV by 4.7,Pending,1364.8558028551092,1393.9742392937735,-29.118436438664276,25.881563561335724,0.5371778200756703,0.6666666666666666,0.16666666666666666,0.5,0.6666666666666667,No Upset Alert,2027-01-03 21:05:00+00:00,2026-09-29T15:19:33.474638+00:00,forecast_run,utc_clock_at_save,f697f11d675a5e1f1bc2a9e8e03a156a4d8bed6a,False
2026,17,2026_17_DET_CHI,2027-01-03,Sunday,CHI,DET,DET,0.5312965807521509,Low Confidence,False,0.4687034192478491,0.5312965807521509,-0.3,DET by 0.3,Pending,1492.733323034646,1593.417249317599,-100.68392628295305,-45.68392628295305,0.4346318357069933,0.6666666666666666,0.5,0.16666666666666663,0.0,No Upset Alert,2027-01-03 21:25:00+00:00,2026-09-29T15:19:33.474638+00:00,forecast_run,utc_clock_at_save,f697f11d675a5e1f1bc2a9e8e03a156a4d8bed6a,False
2026,17,2026_17_PHI_SF,2027-01-03,Sunday,SF,PHI,SF,0.6695686049500856,High Confidence,False,0.6695686049500856,0.33043139504991437,8.9,SF by 8.9,Pending,1605.5377659263631,1632.5519261459388,-27.014160219575615,27.985839780424385,0.5401879818451695,0.16666666666666666,0.16666666666666666,0.0,-0.33333333333333337,No Upset Alert,2027-01-04 01:20:00+00:00,2026-09-29T15:19:33.474638+00:00,forecast_run,utc_clock_at_save,f697f11d675a5e1f1bc2a9e8e03a156a4d8bed6a,False
2026,17,2026_17_HOU_GB,2027-01-04,Monday,GB,HOU,GB,0.5278612697690439,Toss-Up,True,0.5278612697690439,0.4721387302309561,-2.1,HOU by 2.1,Pending,1536.367947573771,1529.324533241844,7.043414331927124,62.043414331927124,0.5883505006717584,0.3333333333333333,0.3333333333333333,0.0,-0.3333333333333333,Upset Alert,2027-01-05 01:15:00+00:00,2026-09-29T15:19:33.474638+00:00,forecast_run,utc_clock_at_save,f697f11d675a5e1f1bc2a9e8e03a156a4d8bed6a,False
2026,18,2026_18_SF_ARI,2027-01-10,Sunday,ARI,SF,SF,0.8144954680599807,High Confidence,False,0.18550453194001923,0.8144954680599807,-5.9,SF by 5.9,Pending,1364.8558028551092,1605.5377659263631,-240.6819630712539,-185.6819630712539,0.2556177908574203,0.6666666666666666,0.16666666666666666,0.5,0.6666666666666667,No Upset Alert,2027-01-10 18:00:00+00:00,2026-09-29T15:19:33.474638+00:00,forecast_run,utc_clock_at_save,f697f11d675a5e1f1bc2a9e8e03a156a4d8bed6a,False
2026,18,2026_18_PIT_BAL,2027-01-10,Sunday,BAL,PIT,BAL,0.6857486357060886,High Confidence,False,0.6857486357060886,0.31425136429391143,6.6,BAL by 6.6,Pending,1587.7341383179694,1558.049876638942,29.684261679027486,84.68426167902749,0.6195130287611383,0.16666666666666666,0.3333333333333333,-0.16666666666666666,0.0,No Upset Alert,2027-01-10 18:00:00+00:00,2026-09-29T15:19:33.474638+00:00,forecast_run,utc_clock_at_save,f697f11d675a5e1f1bc2a9e8e03a156a4d8bed6a,False
2026,18,2026_18_NYJ_BUF,2027-01-10,Sunday,BUF,NYJ,BUF,0.8603450063478154,High Confidence,False,0.8603450063478154,0.1396549936521846,15.5,BUF by 15.5,Pending,1677.6647562478,1337.7373006499781,339.9274555978218,394.9274555978218,0.906648693390735,0.3333333333333333,0.16666666666666666,0.16666666666666666,-0.6666666666666667,No Upset Alert,2027-01-10 18:00:00+00:00,2026-09-29T15:19:33.474638+00:00,forecast_run,utc_clock_at_save,f697f11d675a5e1f1bc2a9e8e03a156a4d8bed6a,False
2026,18,2026_18_ATL_CAR,2027-01-10,Sunday,CAR,ATL,CAR,0.5749483947389076,Medium Confidence,False,0.5749483947389076,0.4250516052610924,2.7,CAR by 2.7,Pending,1374.3801339571867,1442.511458190431,-68.13132423324441,-13.131324233244413,0.48111149833009836,0.16666666666666666,0.16666666666666666,0.0,0.0,No Upset Alert,2027-01-10 18:00:00+00:00,2026-09-29T15:19:33.474638+00:00,forecast_run,utc_clock_at_save,f697f11d675a5e1f1bc2a9e8e03a156a4d8bed6a,False
2026,18,2026_18_CLE_CIN,2027-01-10,Sunday,CIN,CLE,CIN,0.7001156042562198,High Confidence,False,0.7001156042562198,0.29988439574378023,7.2,CIN by 7.2,Pending,1515.7361204617469,1428.4410658821632,87.29505457958362,142.29505457958362,0.6940486971776514,0.16666666666666666,0.16666666666666666,0.0,0.0,No Upset Alert,2027-01-10 18:00:00+00:00,2026-09-29T15:19:33.474638+00:00,forecast_run,utc_clock_at_save,f697f11d675a5e1f1bc2a9e8e03a156a4d8bed6a,False
2026,18,2026_18_LAC_DEN,2027-01-10,Sunday,DEN,LAC,DEN,0.7165461768612732,High Confidence,False,0.7165461768612732,0.2834538231387268,7.0,DEN by 7.0,Pending,1588.7390599118264,1498.947658305659,89.79140160616748,144.79140160616748,0.6970915861492802,0.5,0.6666666666666666,-0.16666666666666663,-0.6666666666666666,No Upset Alert,2027-01-10 18:00:00+00:00,2026-09-29T15:19:33.474638+00:00,forecast_run,utc_clock_at_save,f697f11d675a5e1f1bc2a9e8e03a156a4d8bed6a,False
2026,18,2026_18_DET_GB,2027-01-10,Sunday,GB,DET,DET,0.5960158136801182,Medium Confidence,False,0.40398418631988176,0.5960158136801182,-2.8,DET by 2.8,Pending,1536.367947573771,1593.417249317599,-57.04930174382798,-2.049301743827982,0.4970508519219097,0.3333333333333333,0.5,-0.16666666666666669,0.3333333333333333,No Upset Alert,2027-01-10 18:00:00+00:00,2026-09-29T15:19:33.474638+00:00,forecast_run,utc_clock_at_save,f697f11d675a5e1f1bc2a9e8e03a156a4d8bed6a,False
2026,18,2026_18_TEN_HOU,2027-01-10,Sunday,HOU,TEN,HOU,0.8045564984134452,High Confidence,False,0.8045564984134452,0.19544350158655477,8.4,HOU by 8.4,Pending,1529.324533241844,1308.2483759063814,221.07615733546254,276.07615733546254,0.8305066313902497,0.3333333333333333,0.5,-0.16666666666666669,0.0,No Upset Alert,2027-01-10 18:00:00+00:00,2026-09-29T15:19:33.474638+00:00,forecast_run,utc_clock_at_save,f697f11d675a5e1f1bc2a9e8e03a156a4d8bed6a,False
2026,18,2026_18_JAX_IND,2027-01-10,Sunday,IND,JAX,JAX,0.6118515173706809,Medium Confidence,False,0.38814848262931906,0.6118515173706809,-3.7,JAX by 3.7,Pending,1454.0759311781082,1499.1701805504435,-45.0942493723353,9.905750627664702,0.514251659663167,0.3333333333333333,0.16666666666666666,0.16666666666666666,0.3333333333333333,No Upset Alert,2027-01-10 18:00:00+00:00,2026-09-29T15:19:33.474638+00:00,forecast_run,utc_clock_at_save,f697f11d675a5e1f1bc2a9e8e03a156a4d8bed6a,False
2026,18,2026_18_LV_KC,2027-01-10,Sunday,KC,LV,KC,0.7756588645833307,High Confidence,False,0.7756588645833307,0.22434113541666934,7.6,KC by 7.6,Pending,1628.9576582550462,1393.9742392937735,234.98341896127272,289.9834189612727,0.8414796353536445,0.0,0.16666666666666666,-0.16666666666666666,0.0,No Upset Alert,2027-01-10 18:00:00+00:00,2026-09-29T15:19:33.474638+00:00,forecast_run,utc_clock_at_save,f697f11d675a5e1f1bc2a9e8e03a156a4d8bed6a,False
2026,18,2026_18_SEA_LA,2027-01-10,Sunday,LA,SEA,SEA,0.582205128937052,Medium Confidence,False,0.41779487106294805,0.582205128937052,-3.0,SEA by 3.0,Pending,1585.3854616526473,1640.094255860784,-54.708794208136624,0.29120579186337636,0.500419078723951,0.5,0.3333333333333333,0.16666666666666669,0.3333333333333333,No Upset Alert,2027-01-10 18:00:00+00:00,2026-09-29T15:19:33.474638+00:00,forecast_run,utc_clock_at_save,f697f11d675a5e1f1bc2a9e8e03a156a4d8bed6a,False
2026,18,2026_18_CHI_MIN,2027-01-10,Sunday,MIN,CHI,MIN,0.6030690905550857,Medium Confidence,False,0.6030690905550857,0.39693090944491427,5.2,MIN by 5.2,Pending,1598.5600238115144,1492.733323034646,105.82670077686839,160.8267007768684,0.7162209790804388,0.3333333333333333,0.6666666666666666,-0.3333333333333333,-0.33333333333333337,No Upset Alert,2027-01-10 18:00:00+00:00,2026-09-29T15:19:33.474638+00:00,forecast_run,utc_clock_at_save,f697f11d675a5e1f1bc2a9e8e03a156a4d8bed6a,False
2026,18,2026_18_MIA_NE,2027-01-10,Sunday,NE,MIA,NE,0.7454351300043666,High Confidence,False,0.7454351300043666,0.25456486999563344,8.5,NE by 8.5,Pending,1530.887468810454,1455.9974812744572,74.88998753599685,129.88998753599685,0.6786788330234361,0.5,0.6666666666666666,-0.16666666666666663,-0.3333333333333333,No Upset Alert,2027-01-10 18:00:00+00:00,2026-09-29T15:19:33.474638+00:00,forecast_run,utc_clock_at_save,f697f11d675a5e1f1bc2a9e8e03a156a4d8bed6a,False
2026,18,2026_18_TB_NO,2027-01-10,Sunday,NO,TB,TB,0.5089123286846877,Toss-Up,False,0.4910876713153123,0.5089123286846877,1.1,NO by 1.1,Pending,1416.5980440907922,1467.5329590681656,-50.93491497737341,4.06508502262659,0.5058498606709316,0.6666666666666666,0.3333333333333333,0.3333333333333333,-0.3333333333333333,No Upset Alert,2027-01-10 18:00:00+00:00,2026-09-29T15:19:33.474638+00:00,forecast_run,utc_clock_at_save,f697f11d675a5e1f1bc2a9e8e03a156a4d8bed6a,False
2026,18,2026_18_PHI_NYG,2027-01-10,Sunday,NYG,PHI,PHI,0.6056820361278377,Medium Confidence,False,0.39431796387216234,0.6056820361278377,-0.9,PHI by 0.9,Pending,1369.8832529437325,1632.5519261459388,-262.66867320220626,-207.66867320220626,0.23228794716466905,0.0,0.16666666666666666,-0.16666666666666666,0.0,No Upset Alert,2027-01-10 18:00:00+00:00,2026-09-29T15:19:33.474638+00:00,forecast_run,utc_clock_at_save,f697f11d675a5e1f1bc2a9e8e03a156a4d8bed6a,False
2026,18,2026_18_DAL_WAS,2027-01-10,Sunday,WAS,DAL,DAL,0.5822217244135174,Medium Confidence,False,0.4177782755864826,0.5822217244135174,-1.8,DAL by 1.8,Pending,1459.3933893811163,1485.1255024727714,-25.732113091655037,29.267886908344963,0.5420205248062934,0.3333333333333333,0.16666666666666666,0.16666666666666666,0.0,No Upset Alert,2027-01-10 18:00:00+00:00,2026-09-29T15:19:33.474638+00:00,forecast_run,utc_clock_at_save,f697f11d675a5e1f1bc2a9e8e03a156a4d8bed6a,False
